--
-- PostgreSQL database dump
--

restrict tgCxfYcnf6FLFNWcr0W5EQfIecCqbDda6nT2IZ2GfFBvJchSMsvuUNvBjw4LcNq

-- Dumped from database version 16.11 (Ubuntu 16.11-0ubuntu0.24.04.1)
-- Dumped by pg_dump version 16.11 (Ubuntu 16.11-0ubuntu0.24.04.1)

SET statement_timeout = 0;
SET lock_timeout = 0;
SET idle_in_transaction_session_timeout = 0;
SET client_encoding = 'UTF8';
SET standard_conforming_strings = on;
SELECT pg_catalog.set_config('search_path', '', false);
SET check_function_bodies = false;
SET xmloption = content;
SET client_min_messages = warning;
SET row_security = off;

SET default_tablespace = '';

SET default_table_access_method = heap;

--
-- Name: api_finance_payment; Type: TABLE; Schema: public; Owner: fary
--

CREATE TABLE public.api_finance_payment (
    id bigint NOT NULL,
    payment_method character varying(20) NOT NULL,
    reference character varying(50),
    status character varying(20) NOT NULL,
    created_at timestamp with time zone NOT NULL,
    refunded_at timestamp with time zone,
    collected_by_id bigint,
    customer_id bigint,
    order_id bigint NOT NULL,
    restaurant_id bigint NOT NULL,
    amount numeric(10,2) NOT NULL
);


ALTER TABLE public.api_finance_payment OWNER TO fary;

--
-- Name: api_finance_payment_id_seq; Type: SEQUENCE; Schema: public; Owner: fary
--

ALTER TABLE public.api_finance_payment ALTER COLUMN id ADD GENERATED BY DEFAULT AS IDENTITY (
    SEQUENCE NAME public.api_finance_payment_id_seq
    START WITH 1
    INCREMENT BY 1
    NO MINVALUE
    NO MAXVALUE
    CACHE 1
);


--
-- Name: api_menu_dish; Type: TABLE; Schema: public; Owner: fary
--

CREATE TABLE public.api_menu_dish (
    id bigint NOT NULL,
    name character varying(100) NOT NULL,
    description text NOT NULL,
    price numeric(10,2) NOT NULL,
    is_available boolean NOT NULL,
    created_at timestamp with time zone NOT NULL,
    updated_at timestamp with time zone NOT NULL,
    restaurant_id bigint NOT NULL,
    category_id bigint,
    is_active boolean NOT NULL
);


ALTER TABLE public.api_menu_dish OWNER TO fary;

--
-- Name: api_menu_dish_id_seq; Type: SEQUENCE; Schema: public; Owner: fary
--

ALTER TABLE public.api_menu_dish ALTER COLUMN id ADD GENERATED BY DEFAULT AS IDENTITY (
    SEQUENCE NAME public.api_menu_dish_id_seq
    START WITH 1
    INCREMENT BY 1
    NO MINVALUE
    NO MAXVALUE
    CACHE 1
);


--
-- Name: api_menu_dishcategory; Type: TABLE; Schema: public; Owner: fary
--

CREATE TABLE public.api_menu_dishcategory (
    id bigint NOT NULL,
    name character varying(50) NOT NULL,
    is_active boolean NOT NULL
);


ALTER TABLE public.api_menu_dishcategory OWNER TO fary;

--
-- Name: api_menu_dishcategory_id_seq; Type: SEQUENCE; Schema: public; Owner: fary
--

ALTER TABLE public.api_menu_dishcategory ALTER COLUMN id ADD GENERATED BY DEFAULT AS IDENTITY (
    SEQUENCE NAME public.api_menu_dishcategory_id_seq
    START WITH 1
    INCREMENT BY 1
    NO MINVALUE
    NO MAXVALUE
    CACHE 1
);


--
-- Name: api_menu_recipe; Type: TABLE; Schema: public; Owner: fary
--

CREATE TABLE public.api_menu_recipe (
    id bigint NOT NULL,
    quantity_required numeric(10,3) NOT NULL,
    unit character varying(5) NOT NULL,
    dish_id bigint NOT NULL,
    stock_item_id bigint NOT NULL
);


ALTER TABLE public.api_menu_recipe OWNER TO fary;

--
-- Name: api_menu_recipe_id_seq; Type: SEQUENCE; Schema: public; Owner: fary
--

ALTER TABLE public.api_menu_recipe ALTER COLUMN id ADD GENERATED BY DEFAULT AS IDENTITY (
    SEQUENCE NAME public.api_menu_recipe_id_seq
    START WITH 1
    INCREMENT BY 1
    NO MINVALUE
    NO MAXVALUE
    CACHE 1
);


--
-- Name: api_order_order; Type: TABLE; Schema: public; Owner: fary
--

CREATE TABLE public.api_order_order (
    id bigint NOT NULL,
    status character varying(20) NOT NULL,
    created_at timestamp with time zone NOT NULL,
    updated_at timestamp with time zone NOT NULL,
    session_id bigint NOT NULL
);


ALTER TABLE public.api_order_order OWNER TO fary;

--
-- Name: api_order_order_id_seq; Type: SEQUENCE; Schema: public; Owner: fary
--

ALTER TABLE public.api_order_order ALTER COLUMN id ADD GENERATED BY DEFAULT AS IDENTITY (
    SEQUENCE NAME public.api_order_order_id_seq
    START WITH 1
    INCREMENT BY 1
    NO MINVALUE
    NO MAXVALUE
    CACHE 1
);


--
-- Name: api_order_orderdetail; Type: TABLE; Schema: public; Owner: fary
--

CREATE TABLE public.api_order_orderdetail (
    id bigint NOT NULL,
    quantity integer NOT NULL,
    unit_price numeric(10,2) NOT NULL,
    comment character varying(255),
    dish_id bigint NOT NULL,
    order_id bigint NOT NULL,
    status character varying(20) NOT NULL,
    CONSTRAINT api_order_orderdetail_quantity_check CHECK ((quantity >= 0))
);


ALTER TABLE public.api_order_orderdetail OWNER TO fary;

--
-- Name: api_order_orderdetail_id_seq; Type: SEQUENCE; Schema: public; Owner: fary
--

ALTER TABLE public.api_order_orderdetail ALTER COLUMN id ADD GENERATED BY DEFAULT AS IDENTITY (
    SEQUENCE NAME public.api_order_orderdetail_id_seq
    START WITH 1
    INCREMENT BY 1
    NO MINVALUE
    NO MAXVALUE
    CACHE 1
);


--
-- Name: api_restaurant_restaurant; Type: TABLE; Schema: public; Owner: fary
--

CREATE TABLE public.api_restaurant_restaurant (
    id bigint NOT NULL,
    name character varying(100) NOT NULL,
    address character varying(255) NOT NULL,
    phone character varying(20) NOT NULL,
    email character varying(254) NOT NULL,
    created_at timestamp with time zone NOT NULL,
    updated_at timestamp with time zone NOT NULL
);


ALTER TABLE public.api_restaurant_restaurant OWNER TO fary;

--
-- Name: api_restaurant_restaurant_id_seq; Type: SEQUENCE; Schema: public; Owner: fary
--

ALTER TABLE public.api_restaurant_restaurant ALTER COLUMN id ADD GENERATED BY DEFAULT AS IDENTITY (
    SEQUENCE NAME public.api_restaurant_restaurant_id_seq
    START WITH 1
    INCREMENT BY 1
    NO MINVALUE
    NO MAXVALUE
    CACHE 1
);


--
-- Name: api_restaurant_table; Type: TABLE; Schema: public; Owner: fary
--

CREATE TABLE public.api_restaurant_table (
    id bigint NOT NULL,
    number integer NOT NULL,
    status character varying(20) NOT NULL,
    restaurant_id bigint NOT NULL,
    is_active boolean NOT NULL,
    CONSTRAINT api_restaurant_table_number_check CHECK ((number >= 0))
);


ALTER TABLE public.api_restaurant_table OWNER TO fary;

--
-- Name: api_restaurant_table_id_seq; Type: SEQUENCE; Schema: public; Owner: fary
--

ALTER TABLE public.api_restaurant_table ALTER COLUMN id ADD GENERATED BY DEFAULT AS IDENTITY (
    SEQUENCE NAME public.api_restaurant_table_id_seq
    START WITH 1
    INCREMENT BY 1
    NO MINVALUE
    NO MAXVALUE
    CACHE 1
);


--
-- Name: api_restaurant_tablesession; Type: TABLE; Schema: public; Owner: fary
--

CREATE TABLE public.api_restaurant_tablesession (
    id bigint NOT NULL,
    is_active boolean NOT NULL,
    created_at timestamp with time zone NOT NULL,
    updated_at timestamp with time zone NOT NULL,
    closed_at timestamp with time zone,
    employee_id bigint NOT NULL,
    table_id bigint NOT NULL
);


ALTER TABLE public.api_restaurant_tablesession OWNER TO fary;

--
-- Name: api_restaurant_tablesession_id_seq; Type: SEQUENCE; Schema: public; Owner: fary
--

ALTER TABLE public.api_restaurant_tablesession ALTER COLUMN id ADD GENERATED BY DEFAULT AS IDENTITY (
    SEQUENCE NAME public.api_restaurant_tablesession_id_seq
    START WITH 1
    INCREMENT BY 1
    NO MINVALUE
    NO MAXVALUE
    CACHE 1
);


--
-- Name: api_stock_stockitem; Type: TABLE; Schema: public; Owner: fary
--

CREATE TABLE public.api_stock_stockitem (
    id bigint NOT NULL,
    name character varying(100) NOT NULL,
    quantity numeric(10,3) NOT NULL,
    measure_unit character varying(5) NOT NULL,
    min_threshold numeric(10,3) NOT NULL,
    updated_at timestamp with time zone NOT NULL,
    restaurant_id bigint NOT NULL,
    created_at timestamp with time zone NOT NULL
);


ALTER TABLE public.api_stock_stockitem OWNER TO fary;

--
-- Name: api_stock_stockitem_id_seq; Type: SEQUENCE; Schema: public; Owner: fary
--

ALTER TABLE public.api_stock_stockitem ALTER COLUMN id ADD GENERATED BY DEFAULT AS IDENTITY (
    SEQUENCE NAME public.api_stock_stockitem_id_seq
    START WITH 1
    INCREMENT BY 1
    NO MINVALUE
    NO MAXVALUE
    CACHE 1
);


--
-- Name: api_stock_stockmovement; Type: TABLE; Schema: public; Owner: fary
--

CREATE TABLE public.api_stock_stockmovement (
    id bigint NOT NULL,
    quantity numeric(10,3) NOT NULL,
    movement_type character varying(3) NOT NULL,
    reason character varying(255) NOT NULL,
    created_at timestamp with time zone NOT NULL,
    created_by_id bigint,
    item_id bigint NOT NULL
);


ALTER TABLE public.api_stock_stockmovement OWNER TO fary;

--
-- Name: api_stock_stockmovement_id_seq; Type: SEQUENCE; Schema: public; Owner: fary
--

ALTER TABLE public.api_stock_stockmovement ALTER COLUMN id ADD GENERATED BY DEFAULT AS IDENTITY (
    SEQUENCE NAME public.api_stock_stockmovement_id_seq
    START WITH 1
    INCREMENT BY 1
    NO MINVALUE
    NO MAXVALUE
    CACHE 1
);


--
-- Name: api_users_customer; Type: TABLE; Schema: public; Owner: fary
--

CREATE TABLE public.api_users_customer (
    id bigint NOT NULL,
    cedula bigint NOT NULL,
    first_name character varying(100) NOT NULL,
    last_name character varying(100) NOT NULL,
    phone character varying(20),
    created_at timestamp with time zone NOT NULL,
    updated_at timestamp with time zone NOT NULL,
    restaurant_id bigint NOT NULL,
    is_active boolean NOT NULL
);


ALTER TABLE public.api_users_customer OWNER TO fary;

--
-- Name: api_users_customer_id_seq; Type: SEQUENCE; Schema: public; Owner: fary
--

ALTER TABLE public.api_users_customer ALTER COLUMN id ADD GENERATED BY DEFAULT AS IDENTITY (
    SEQUENCE NAME public.api_users_customer_id_seq
    START WITH 1
    INCREMENT BY 1
    NO MINVALUE
    NO MAXVALUE
    CACHE 1
);


--
-- Name: api_users_employee; Type: TABLE; Schema: public; Owner: fary
--

CREATE TABLE public.api_users_employee (
    id bigint NOT NULL,
    cedula bigint NOT NULL,
    role character varying(20) NOT NULL,
    created_at timestamp with time zone NOT NULL,
    updated_at timestamp with time zone NOT NULL,
    restaurant_id bigint NOT NULL,
    user_id bigint NOT NULL
);


ALTER TABLE public.api_users_employee OWNER TO fary;

--
-- Name: api_users_employee_id_seq; Type: SEQUENCE; Schema: public; Owner: fary
--

ALTER TABLE public.api_users_employee ALTER COLUMN id ADD GENERATED BY DEFAULT AS IDENTITY (
    SEQUENCE NAME public.api_users_employee_id_seq
    START WITH 1
    INCREMENT BY 1
    NO MINVALUE
    NO MAXVALUE
    CACHE 1
);


--
-- Name: api_users_user; Type: TABLE; Schema: public; Owner: fary
--

CREATE TABLE public.api_users_user (
    id bigint NOT NULL,
    password character varying(128) NOT NULL,
    last_login timestamp with time zone,
    is_superuser boolean NOT NULL,
    username character varying(150) NOT NULL,
    first_name character varying(150) NOT NULL,
    last_name character varying(150) NOT NULL,
    is_staff boolean NOT NULL,
    is_active boolean NOT NULL,
    date_joined timestamp with time zone NOT NULL,
    email character varying(254) NOT NULL,
    is_employee boolean NOT NULL
);


ALTER TABLE public.api_users_user OWNER TO fary;

--
-- Name: api_users_user_groups; Type: TABLE; Schema: public; Owner: fary
--

CREATE TABLE public.api_users_user_groups (
    id bigint NOT NULL,
    user_id bigint NOT NULL,
    group_id integer NOT NULL
);


ALTER TABLE public.api_users_user_groups OWNER TO fary;

--
-- Name: api_users_user_groups_id_seq; Type: SEQUENCE; Schema: public; Owner: fary
--

ALTER TABLE public.api_users_user_groups ALTER COLUMN id ADD GENERATED BY DEFAULT AS IDENTITY (
    SEQUENCE NAME public.api_users_user_groups_id_seq
    START WITH 1
    INCREMENT BY 1
    NO MINVALUE
    NO MAXVALUE
    CACHE 1
);


--
-- Name: api_users_user_id_seq; Type: SEQUENCE; Schema: public; Owner: fary
--

ALTER TABLE public.api_users_user ALTER COLUMN id ADD GENERATED BY DEFAULT AS IDENTITY (
    SEQUENCE NAME public.api_users_user_id_seq
    START WITH 1
    INCREMENT BY 1
    NO MINVALUE
    NO MAXVALUE
    CACHE 1
);


--
-- Name: api_users_user_user_permissions; Type: TABLE; Schema: public; Owner: fary
--

CREATE TABLE public.api_users_user_user_permissions (
    id bigint NOT NULL,
    user_id bigint NOT NULL,
    permission_id integer NOT NULL
);


ALTER TABLE public.api_users_user_user_permissions OWNER TO fary;

--
-- Name: api_users_user_user_permissions_id_seq; Type: SEQUENCE; Schema: public; Owner: fary
--

ALTER TABLE public.api_users_user_user_permissions ALTER COLUMN id ADD GENERATED BY DEFAULT AS IDENTITY (
    SEQUENCE NAME public.api_users_user_user_permissions_id_seq
    START WITH 1
    INCREMENT BY 1
    NO MINVALUE
    NO MAXVALUE
    CACHE 1
);


--
-- Name: auth_group; Type: TABLE; Schema: public; Owner: fary
--

CREATE TABLE public.auth_group (
    id integer NOT NULL,
    name character varying(150) NOT NULL
);


ALTER TABLE public.auth_group OWNER TO fary;

--
-- Name: auth_group_id_seq; Type: SEQUENCE; Schema: public; Owner: fary
--

ALTER TABLE public.auth_group ALTER COLUMN id ADD GENERATED BY DEFAULT AS IDENTITY (
    SEQUENCE NAME public.auth_group_id_seq
    START WITH 1
    INCREMENT BY 1
    NO MINVALUE
    NO MAXVALUE
    CACHE 1
);


--
-- Name: auth_group_permissions; Type: TABLE; Schema: public; Owner: fary
--

CREATE TABLE public.auth_group_permissions (
    id bigint NOT NULL,
    group_id integer NOT NULL,
    permission_id integer NOT NULL
);


ALTER TABLE public.auth_group_permissions OWNER TO fary;

--
-- Name: auth_group_permissions_id_seq; Type: SEQUENCE; Schema: public; Owner: fary
--

ALTER TABLE public.auth_group_permissions ALTER COLUMN id ADD GENERATED BY DEFAULT AS IDENTITY (
    SEQUENCE NAME public.auth_group_permissions_id_seq
    START WITH 1
    INCREMENT BY 1
    NO MINVALUE
    NO MAXVALUE
    CACHE 1
);


--
-- Name: auth_permission; Type: TABLE; Schema: public; Owner: fary
--

CREATE TABLE public.auth_permission (
    id integer NOT NULL,
    name character varying(255) NOT NULL,
    content_type_id integer NOT NULL,
    codename character varying(100) NOT NULL
);


ALTER TABLE public.auth_permission OWNER TO fary;

--
-- Name: auth_permission_id_seq; Type: SEQUENCE; Schema: public; Owner: fary
--

ALTER TABLE public.auth_permission ALTER COLUMN id ADD GENERATED BY DEFAULT AS IDENTITY (
    SEQUENCE NAME public.auth_permission_id_seq
    START WITH 1
    INCREMENT BY 1
    NO MINVALUE
    NO MAXVALUE
    CACHE 1
);


--
-- Name: django_admin_log; Type: TABLE; Schema: public; Owner: fary
--

CREATE TABLE public.django_admin_log (
    id integer NOT NULL,
    action_time timestamp with time zone NOT NULL,
    object_id text,
    object_repr character varying(200) NOT NULL,
    action_flag smallint NOT NULL,
    change_message text NOT NULL,
    content_type_id integer,
    user_id bigint NOT NULL,
    CONSTRAINT django_admin_log_action_flag_check CHECK ((action_flag >= 0))
);


ALTER TABLE public.django_admin_log OWNER TO fary;

--
-- Name: django_admin_log_id_seq; Type: SEQUENCE; Schema: public; Owner: fary
--

ALTER TABLE public.django_admin_log ALTER COLUMN id ADD GENERATED BY DEFAULT AS IDENTITY (
    SEQUENCE NAME public.django_admin_log_id_seq
    START WITH 1
    INCREMENT BY 1
    NO MINVALUE
    NO MAXVALUE
    CACHE 1
);


--
-- Name: django_content_type; Type: TABLE; Schema: public; Owner: fary
--

CREATE TABLE public.django_content_type (
    id integer NOT NULL,
    app_label character varying(100) NOT NULL,
    model character varying(100) NOT NULL
);


ALTER TABLE public.django_content_type OWNER TO fary;

--
-- Name: django_content_type_id_seq; Type: SEQUENCE; Schema: public; Owner: fary
--

ALTER TABLE public.django_content_type ALTER COLUMN id ADD GENERATED BY DEFAULT AS IDENTITY (
    SEQUENCE NAME public.django_content_type_id_seq
    START WITH 1
    INCREMENT BY 1
    NO MINVALUE
    NO MAXVALUE
    CACHE 1
);


--
-- Name: django_migrations; Type: TABLE; Schema: public; Owner: fary
--

CREATE TABLE public.django_migrations (
    id bigint NOT NULL,
    app character varying(255) NOT NULL,
    name character varying(255) NOT NULL,
    applied timestamp with time zone NOT NULL
);


ALTER TABLE public.django_migrations OWNER TO fary;

--
-- Name: django_migrations_id_seq; Type: SEQUENCE; Schema: public; Owner: fary
--

ALTER TABLE public.django_migrations ALTER COLUMN id ADD GENERATED BY DEFAULT AS IDENTITY (
    SEQUENCE NAME public.django_migrations_id_seq
    START WITH 1
    INCREMENT BY 1
    NO MINVALUE
    NO MAXVALUE
    CACHE 1
);


--
-- Name: django_session; Type: TABLE; Schema: public; Owner: fary
--

CREATE TABLE public.django_session (
    session_key character varying(40) NOT NULL,
    session_data text NOT NULL,
    expire_date timestamp with time zone NOT NULL
);


ALTER TABLE public.django_session OWNER TO fary;

--
-- Data for Name: api_finance_payment; Type: TABLE DATA; Schema: public; Owner: fary
--

COPY public.api_finance_payment (id, payment_method, reference, status, created_at, refunded_at, collected_by_id, customer_id, order_id, restaurant_id, amount) FROM stdin;
1	TRANSFER	3080	PAID	2026-02-10 17:33:51.13736-04	\N	3	\N	1	1	33.00
2	CARD	\N	PAID	2026-02-10 17:35:32.809631-04	\N	3	\N	2	1	3.00
3	CASH	\N	PAID	2026-02-10 18:19:01.535033-04	\N	6	\N	3	2	30.00
4	CARD	\N	PAID	2026-02-10 23:35:26.661529-04	\N	3	\N	5	1	23.00
5	CASH	\N	PAID	2026-02-10 23:36:27.318497-04	\N	4	\N	4	1	33.00
6	CASH	\N	PAID	2026-02-11 10:37:18.268997-04	\N	4	\N	6	1	3.00
7	TRANSFER	4466	PAID	2026-02-11 10:40:42.844839-04	\N	4	\N	7	1	13.00
8	TRANSFER	2211	PAID	2026-02-11 10:47:48.175039-04	\N	4	\N	9	1	10.00
9	CASH		PAID	2026-02-11 10:49:13.590025-04	\N	4	\N	8	1	3.00
10	CARD	\N	PAID	2026-02-11 18:21:37.287158-04	\N	3	\N	10	1	13.00
11	TRANSFER	5676	PAID	2026-02-11 18:28:06.41895-04	\N	3	\N	11	1	3.00
\.


--
-- Data for Name: api_menu_dish; Type: TABLE DATA; Schema: public; Owner: fary
--

COPY public.api_menu_dish (id, name, description, price, is_available, created_at, updated_at, restaurant_id, category_id, is_active) FROM stdin;
1	Hamburguesa Papiada		10.00	t	2026-02-10 17:09:51.824489-04	2026-02-10 17:20:09.130418-04	1	3	t
2	CocaCola 1L		3.00	t	2026-02-10 17:19:19.682301-04	2026-02-10 17:20:31.04993-04	1	164	t
3	CocaCola 1L		5.00	t	2026-02-10 17:54:06.696326-04	2026-02-10 17:54:26.562646-04	2	164	t
\.


--
-- Data for Name: api_menu_dishcategory; Type: TABLE DATA; Schema: public; Owner: fary
--

COPY public.api_menu_dishcategory (id, name, is_active) FROM stdin;
1	Entradas	t
2	Aperitivos	t
3	Platos Fuertes	t
4	Platos Principales	t
5	Guarniciones	t
6	Acompañantes	t
7	Postres	t
8	Dulces	t
9	Menú Infantil	t
10	Menú Kids	t
11	Sugerencias del Chef	t
12	Especiales de Temporada	t
13	Menú Ejecutivo	t
14	Menú del Día	t
15	Sopas	t
16	Cremas	t
17	Caldos	t
18	Consomés	t
19	Ensaladas	t
20	Bowls	t
21	Ensaladas César	t
22	Ensaladas de Frutas	t
23	Hamburguesas	t
24	Hamburguesas Artesanales	t
25	Hamburguesas Dobles	t
26	Smash Burgers	t
27	Pizzas	t
28	Pizzas por Rebanada	t
29	Pizzas Gourmet	t
30	Pizzas Clásicas	t
31	Hot Dogs	t
32	Perros Calientes	t
33	Sandwiches	t
34	Bocadillos	t
35	Club House	t
36	Wraps	t
37	Burritos	t
38	Nuggets	t
39	Deditos de Queso	t
40	Alitas de Pollo	t
41	Boneless	t
42	Tenders de Pollo	t
43	Papas Fritas	t
44	Papas Rústicas	t
45	Aros de Cebolla	t
46	Nachos	t
47	Snacks	t
48	Fritos	t
49	Desayunos	t
50	Brunch	t
51	Huevos	t
52	Omelettes	t
53	Revueltos	t
54	Pancakes	t
55	Waffles	t
56	Crepes Dulces	t
57	Crepes Salados	t
58	Tostadas Francesas	t
59	Bagels	t
60	Avena y Cereales	t
61	Parfaits	t
62	Yogur y Granola	t
63	Carnes	t
64	Cortes Premium	t
65	Parrilladas	t
66	Asados	t
67	Churrascos	t
68	Costillas	t
69	Ribs BBQ	t
70	Brochetas	t
71	Pinchos	t
72	Pollo	t
73	Aves	t
74	Milanesas	t
75	Cerdo	t
76	Chorizos	t
77	Embutidos	t
78	Salsas para Carnes	t
79	Pescados	t
80	Mariscos	t
81	Ceviches	t
82	Tiraditos	t
83	Cocteles de Camarón	t
84	Filetes de Pescado	t
85	Pescado Frito	t
86	Salmón	t
87	Atún	t
88	Paellas	t
89	Cazuelas de Mariscos	t
90	Pulpo	t
91	Calamares	t
92	Pastas	t
93	Spaghetti	t
94	Fettuccine	t
95	Penne	t
96	Raviolis	t
97	Lasagnas	t
98	Canelones	t
99	Risottos	t
100	Carpaccios	t
101	Antipastos	t
102	Tablas de Quesos	t
103	Sushi	t
104	Makis	t
105	Rolls	t
106	Nigiris	t
107	Sashimi	t
108	Temakis	t
109	Conos	t
110	Ramen	t
111	Sopas Asiáticas	t
112	Wok	t
113	Pad Thai	t
114	Arroces Fritos	t
115	Yakimeshi	t
116	Chaufas	t
117	Dumplings	t
118	Gyozas	t
119	Spring Rolls	t
120	Poké Bowls	t
121	Tacos	t
122	Quesadillas	t
123	Enchiladas	t
124	Fajitas	t
125	Chilaquiles	t
126	Guacamole	t
127	Pico de Gallo	t
128	Arepas	t
129	Empanadas	t
130	Patacones	t
131	Tostones	t
132	Tamales	t
133	Tequeños	t
134	Shawarmas	t
135	Kebabs	t
136	Falafel	t
137	Hummus	t
138	Kibbeh	t
139	Tablas Árabes	t
140	Panadería	t
141	Bollería	t
142	Pastelería	t
143	Tortas	t
144	Cheesecakes	t
145	Brownies	t
146	Galletas	t
147	Helados	t
148	Paletas	t
149	Batidos de Helado	t
150	Milkshakes	t
151	Café	t
152	Espresso	t
153	Americano	t
154	Cappuccino	t
155	Latte	t
156	Mocaccino	t
157	Café Frío	t
158	Cold Brew	t
159	Té	t
160	Infusiones	t
161	Chai	t
162	Chocolate Caliente	t
163	Mate	t
164	Bebidas	t
165	Refrescos	t
166	Gaseosas	t
167	Sodas	t
168	Aguas	t
169	Agua con Gas	t
170	Jugos Naturales	t
171	Zumos	t
172	Limonadas	t
173	Naranjadas	t
174	Smoothies	t
175	Frappés	t
176	Bebidas Energéticas	t
177	Bebidas Isotónicas	t
178	Cervezas	t
179	Cervezas Nacionales	t
180	Cervezas Importadas	t
181	Cervezas Artesanales	t
182	Vinos	t
183	Vino Tinto	t
184	Vino Blanco	t
185	Vino Rosado	t
186	Espumosos	t
187	Champagne	t
188	Sangrías	t
189	Cocteles	t
190	Cocteles de Autor	t
191	Cocteles Clásicos	t
192	Gin Tonic	t
193	Margaritas	t
194	Mojitos	t
195	Licores	t
196	Destilados	t
197	Ron	t
198	Whisky	t
199	Vodka	t
200	Tequila	t
201	Mezcal	t
202	Aguardiente	t
203	Shots	t
204	Tragos Cortos	t
205	Happy Hour	t
206	Vegetariano	t
207	Vegano	t
208	Plant Based	t
209	Sin Gluten	t
210	Gluten Free	t
211	Keto	t
212	Low Carb	t
213	Saludable	t
214	Fit	t
215	Orgánico	t
216	Sin Azúcar	t
217	Aderezos	t
218	Salsas	t
219	Toppings	t
220	Extras	t
221	Adicionales	t
222	Combos	t
223	Promociones	t
224	Catering	t
225	Eventos	t
\.


--
-- Data for Name: api_menu_recipe; Type: TABLE DATA; Schema: public; Owner: fary
--

COPY public.api_menu_recipe (id, quantity_required, unit, dish_id, stock_item_id) FROM stdin;
1	250.000	G	1	1
2	1.000	UN	1	2
4	5.000	G	1	6
5	5.000	G	1	4
6	5.000	G	1	5
7	20.000	G	1	3
10	2.000	ML	1	10
11	5.000	ML	1	9
12	5.000	ML	1	8
13	20.000	G	1	7
14	1.000	UN	2	11
15	1.000	UN	3	14
\.


--
-- Data for Name: api_order_order; Type: TABLE DATA; Schema: public; Owner: fary
--

COPY public.api_order_order (id, status, created_at, updated_at, session_id) FROM stdin;
1	CERRADA	2026-02-10 17:22:41.621188-04	2026-02-10 17:33:51.141601-04	1
2	CERRADA	2026-02-10 17:31:28.244738-04	2026-02-10 17:35:32.813179-04	2
3	CERRADA	2026-02-10 18:12:13.749974-04	2026-02-10 18:19:01.540822-04	3
5	CERRADA	2026-02-10 23:33:51.135651-04	2026-02-10 23:35:26.686357-04	5
4	CERRADA	2026-02-10 23:26:13.980339-04	2026-02-10 23:36:27.320268-04	4
6	CERRADA	2026-02-11 10:35:35.008325-04	2026-02-11 10:37:18.274482-04	6
7	CERRADA	2026-02-11 10:39:42.778297-04	2026-02-11 10:40:42.84662-04	7
9	CERRADA	2026-02-11 10:43:40.183423-04	2026-02-11 10:47:48.176719-04	9
8	CERRADA	2026-02-11 10:41:50.583486-04	2026-02-11 10:49:13.592307-04	8
10	CERRADA	2026-02-11 18:18:33.49401-04	2026-02-11 18:21:37.312608-04	10
11	CERRADA	2026-02-11 18:20:29.922153-04	2026-02-11 18:28:06.443183-04	11
\.


--
-- Data for Name: api_order_orderdetail; Type: TABLE DATA; Schema: public; Owner: fary
--

COPY public.api_order_orderdetail (id, quantity, unit_price, comment, dish_id, order_id, status) FROM stdin;
1	1	3.00		2	1	SERVED
2	2	10.00	1 sin cebolla!	1	1	SERVED
3	1	10.00		1	1	SERVED
4	1	3.00		2	2	SERVED
19	1	3.00		2	10	SERVED
18	1	10.00		1	10	SERVED
5	3	5.00		3	3	SERVED
20	1	3.00		2	11	SERVED
6	3	5.00		3	3	SERVED
8	1	3.00		2	4	SERVED
7	2	10.00		1	4	SERVED
9	1	10.00		1	4	SERVED
12	1	10.00	sin cebolla	1	5	SERVED
11	1	3.00		2	5	SERVED
10	1	10.00		1	5	SERVED
13	1	3.00		2	6	SERVED
15	1	3.00		2	7	SERVED
14	1	10.00		1	7	SERVED
16	1	10.00		1	9	SERVED
17	1	3.00		2	8	SERVED
\.


--
-- Data for Name: api_restaurant_restaurant; Type: TABLE DATA; Schema: public; Owner: fary
--

COPY public.api_restaurant_restaurant (id, name, address, phone, email, created_at, updated_at) FROM stdin;
1	La casa del sabor	San Vicente	04243371947	lulu55fa@gmail.com	2026-02-10 16:55:10.977094-04	2026-02-10 16:55:10.977115-04
2	Martes Burguer	USA	062345123	jesus@gmail.com	2026-02-10 17:41:45.237344-04	2026-02-10 17:41:45.237364-04
\.


--
-- Data for Name: api_restaurant_table; Type: TABLE DATA; Schema: public; Owner: fary
--

COPY public.api_restaurant_table (id, number, status, restaurant_id, is_active) FROM stdin;
3	3	AVAILABLE	1	t
4	4	AVAILABLE	1	t
5	5	AVAILABLE	1	t
10	2	AVAILABLE	2	t
11	3	AVAILABLE	2	t
12	4	AVAILABLE	2	t
13	5	AVAILABLE	2	t
14	6	AVAILABLE	2	t
9	1	AVAILABLE	2	t
7	7	AVAILABLE	1	t
6	6	AVAILABLE	1	t
2	2	AVAILABLE	1	t
8	8	AVAILABLE	1	t
1	1	AVAILABLE	1	t
\.


--
-- Data for Name: api_restaurant_tablesession; Type: TABLE DATA; Schema: public; Owner: fary
--

COPY public.api_restaurant_tablesession (id, is_active, created_at, updated_at, closed_at, employee_id, table_id) FROM stdin;
1	f	2026-02-10 17:22:41.37143-04	2026-02-10 17:33:51.149454-04	2026-02-10 17:33:51.149245-04	3	1
2	f	2026-02-10 17:31:28.108816-04	2026-02-10 17:35:32.816227-04	2026-02-10 17:35:32.816052-04	3	2
3	f	2026-02-10 18:12:13.194445-04	2026-02-10 18:19:01.558902-04	2026-02-10 18:19:01.55869-04	6	9
5	f	2026-02-10 23:33:51.042076-04	2026-02-10 23:35:26.688656-04	2026-02-10 23:35:26.688512-04	3	7
4	f	2026-02-10 23:26:13.794867-04	2026-02-10 23:36:27.322346-04	2026-02-10 23:36:27.322214-04	4	6
6	f	2026-02-11 10:35:34.749456-04	2026-02-11 10:37:18.277821-04	2026-02-11 10:37:18.277516-04	4	1
7	f	2026-02-11 10:39:42.612848-04	2026-02-11 10:40:42.848641-04	2026-02-11 10:40:42.848512-04	4	2
9	f	2026-02-11 10:43:40.097116-04	2026-02-11 10:47:48.178643-04	2026-02-11 10:47:48.178519-04	4	8
8	f	2026-02-11 10:41:50.500733-04	2026-02-11 10:49:13.612178-04	2026-02-11 10:49:13.612002-04	4	2
10	f	2026-02-11 18:18:33.215158-04	2026-02-11 18:21:37.315021-04	2026-02-11 18:21:37.314856-04	3	8
11	f	2026-02-11 18:20:29.809395-04	2026-02-11 18:28:06.446126-04	2026-02-11 18:28:06.445924-04	3	1
\.


--
-- Data for Name: api_stock_stockitem; Type: TABLE DATA; Schema: public; Owner: fary
--

COPY public.api_stock_stockitem (id, name, quantity, measure_unit, min_threshold, updated_at, restaurant_id, created_at) FROM stdin;
6	Cebolla	19.945	KG	5.000	2026-02-11 18:18:53.831384-04	1	2026-02-10 17:06:03.576808-04
4	Lechuga	3.945	KG	0.500	2026-02-11 18:18:53.8452-04	1	2026-02-10 17:04:53.651931-04
5	Tomate	79.945	KG	5.000	2026-02-11 18:18:53.877648-04	1	2026-02-10 17:05:34.370523-04
3	Queso	2.780	KG	1.000	2026-02-11 18:18:53.921518-04	1	2026-02-10 17:04:18.153661-04
10	Mostaza	4.978	L	1.000	2026-02-11 18:18:53.935214-04	1	2026-02-10 17:08:36.003081-04
9	Mayonesa	9.945	L	1.000	2026-02-11 18:18:53.968378-04	1	2026-02-10 17:07:54.694418-04
8	Salsa de Tomate	4.945	L	1.000	2026-02-11 18:18:53.984317-04	1	2026-02-10 17:07:20.907768-04
7	Tocineta	9.780	KG	2.000	2026-02-11 18:18:53.993619-04	1	2026-02-10 17:06:50.832731-04
11	CocaCola 1L	71.000	UN	10.000	2026-02-11 18:20:37.415167-04	1	2026-02-10 17:19:52.349758-04
23	Carne	50.000	KG	2.000	2026-02-10 17:47:19.284847-04	2	2026-02-10 17:47:19.284728-04
13	Cebolla	20.000	KG	5.000	2026-02-10 17:47:19.300521-04	2	2026-02-10 17:42:52.411463-04
15	Lechuga	4.000	KG	0.500	2026-02-10 17:47:19.326543-04	2	2026-02-10 17:42:52.424487-04
16	Mayonesa	10.000	L	1.000	2026-02-10 17:47:19.345178-04	2	2026-02-10 17:42:52.429383-04
17	Mostaza	5.000	L	1.000	2026-02-10 17:47:19.359725-04	2	2026-02-10 17:42:52.433649-04
18	Pan	100.000	UN	10.000	2026-02-10 17:47:19.371349-04	2	2026-02-10 17:42:52.438192-04
19	Queso	3.000	KG	1.000	2026-02-10 17:47:19.389571-04	2	2026-02-10 17:42:52.443504-04
20	Salsa de Tomate	5.000	L	1.000	2026-02-10 17:47:19.401349-04	2	2026-02-10 17:42:52.450055-04
21	Tocineta	10.000	KG	2.000	2026-02-10 17:47:19.411295-04	2	2026-02-10 17:42:52.458166-04
22	Tomate	80.000	KG	5.000	2026-02-10 17:47:19.422467-04	2	2026-02-10 17:42:52.462318-04
14	CocaCola 1L	72.000	UN	10.000	2026-02-10 18:14:09.103688-04	2	2026-02-10 17:42:52.420206-04
1	Carne	47.250	KG	2.000	2026-02-11 18:18:53.795805-04	1	2026-02-10 17:03:08.073289-04
2	Pan	89.000	UN	10.000	2026-02-11 18:18:53.817552-04	1	2026-02-10 17:03:55.330736-04
\.


--
-- Data for Name: api_stock_stockmovement; Type: TABLE DATA; Schema: public; Owner: fary
--

COPY public.api_stock_stockmovement (id, quantity, movement_type, reason, created_at, created_by_id, item_id) FROM stdin;
1	-1.000	OUT	Pedido Mesa 1 - CocaCola 1L	2026-02-10 17:25:46.149646-04	\N	11
2	-0.500	OUT	Pedido Mesa 1 - Hamburguesa Papiada	2026-02-10 17:25:46.183635-04	\N	1
3	-2.000	OUT	Pedido Mesa 1 - Hamburguesa Papiada	2026-02-10 17:25:46.187404-04	\N	2
4	-0.010	OUT	Pedido Mesa 1 - Hamburguesa Papiada	2026-02-10 17:25:46.193484-04	\N	6
5	-0.010	OUT	Pedido Mesa 1 - Hamburguesa Papiada	2026-02-10 17:25:46.197705-04	\N	4
6	-0.010	OUT	Pedido Mesa 1 - Hamburguesa Papiada	2026-02-10 17:25:46.20369-04	\N	5
7	-0.040	OUT	Pedido Mesa 1 - Hamburguesa Papiada	2026-02-10 17:25:46.209701-04	\N	3
8	-0.004	OUT	Pedido Mesa 1 - Hamburguesa Papiada	2026-02-10 17:25:46.215135-04	\N	10
9	-0.010	OUT	Pedido Mesa 1 - Hamburguesa Papiada	2026-02-10 17:25:46.220727-04	\N	9
10	-0.010	OUT	Pedido Mesa 1 - Hamburguesa Papiada	2026-02-10 17:25:46.226922-04	\N	8
11	-0.040	OUT	Pedido Mesa 1 - Hamburguesa Papiada	2026-02-10 17:25:46.230996-04	\N	7
12	-0.250	OUT	Pedido Mesa 1 - Hamburguesa Papiada	2026-02-10 17:28:45.042686-04	\N	1
13	-1.000	OUT	Pedido Mesa 1 - Hamburguesa Papiada	2026-02-10 17:28:45.049805-04	\N	2
14	-0.005	OUT	Pedido Mesa 1 - Hamburguesa Papiada	2026-02-10 17:28:45.054992-04	\N	6
15	-0.005	OUT	Pedido Mesa 1 - Hamburguesa Papiada	2026-02-10 17:28:45.058697-04	\N	4
16	-0.005	OUT	Pedido Mesa 1 - Hamburguesa Papiada	2026-02-10 17:28:45.062726-04	\N	5
17	-0.020	OUT	Pedido Mesa 1 - Hamburguesa Papiada	2026-02-10 17:28:45.067907-04	\N	3
18	-0.002	OUT	Pedido Mesa 1 - Hamburguesa Papiada	2026-02-10 17:28:45.074117-04	\N	10
19	-0.005	OUT	Pedido Mesa 1 - Hamburguesa Papiada	2026-02-10 17:28:45.1027-04	\N	9
20	-0.005	OUT	Pedido Mesa 1 - Hamburguesa Papiada	2026-02-10 17:28:45.108452-04	\N	8
21	-0.020	OUT	Pedido Mesa 1 - Hamburguesa Papiada	2026-02-10 17:28:45.115439-04	\N	7
22	-1.000	OUT	Pedido Mesa 2 - CocaCola 1L	2026-02-10 17:31:39.78327-04	\N	11
23	-3.000	OUT	Pedido Mesa 1 - CocaCola 1L	2026-02-10 18:13:34.252874-04	\N	14
24	-3.000	OUT	Pedido Mesa 1 - CocaCola 1L	2026-02-10 18:14:09.10778-04	\N	14
25	-0.500	OUT	Pedido Mesa 6 - Hamburguesa Papiada	2026-02-10 23:30:08.857557-04	\N	1
26	-2.000	OUT	Pedido Mesa 6 - Hamburguesa Papiada	2026-02-10 23:30:08.867751-04	\N	2
27	-0.010	OUT	Pedido Mesa 6 - Hamburguesa Papiada	2026-02-10 23:30:08.8712-04	\N	6
28	-0.010	OUT	Pedido Mesa 6 - Hamburguesa Papiada	2026-02-10 23:30:08.874034-04	\N	4
29	-0.010	OUT	Pedido Mesa 6 - Hamburguesa Papiada	2026-02-10 23:30:08.87678-04	\N	5
30	-0.040	OUT	Pedido Mesa 6 - Hamburguesa Papiada	2026-02-10 23:30:08.879359-04	\N	3
31	-0.004	OUT	Pedido Mesa 6 - Hamburguesa Papiada	2026-02-10 23:30:08.882056-04	\N	10
32	-0.010	OUT	Pedido Mesa 6 - Hamburguesa Papiada	2026-02-10 23:30:08.884669-04	\N	9
33	-0.010	OUT	Pedido Mesa 6 - Hamburguesa Papiada	2026-02-10 23:30:08.887816-04	\N	8
34	-0.040	OUT	Pedido Mesa 6 - Hamburguesa Papiada	2026-02-10 23:30:08.890345-04	\N	7
35	-1.000	OUT	Pedido Mesa 6 - CocaCola 1L	2026-02-10 23:30:08.896649-04	\N	11
36	-0.250	OUT	Pedido Mesa 6 - Hamburguesa Papiada	2026-02-10 23:32:38.573451-04	\N	1
37	-1.000	OUT	Pedido Mesa 6 - Hamburguesa Papiada	2026-02-10 23:32:38.577019-04	\N	2
38	-0.005	OUT	Pedido Mesa 6 - Hamburguesa Papiada	2026-02-10 23:32:38.580063-04	\N	6
39	-0.005	OUT	Pedido Mesa 6 - Hamburguesa Papiada	2026-02-10 23:32:38.584335-04	\N	4
40	-0.005	OUT	Pedido Mesa 6 - Hamburguesa Papiada	2026-02-10 23:32:38.587175-04	\N	5
41	-0.020	OUT	Pedido Mesa 6 - Hamburguesa Papiada	2026-02-10 23:32:38.59005-04	\N	3
42	-0.002	OUT	Pedido Mesa 6 - Hamburguesa Papiada	2026-02-10 23:32:38.592627-04	\N	10
43	-0.005	OUT	Pedido Mesa 6 - Hamburguesa Papiada	2026-02-10 23:32:38.595368-04	\N	9
44	-0.005	OUT	Pedido Mesa 6 - Hamburguesa Papiada	2026-02-10 23:32:38.598482-04	\N	8
45	-0.020	OUT	Pedido Mesa 6 - Hamburguesa Papiada	2026-02-10 23:32:38.601354-04	\N	7
46	-0.250	OUT	Pedido Mesa 7 - Hamburguesa Papiada	2026-02-10 23:34:11.927328-04	\N	1
47	-1.000	OUT	Pedido Mesa 7 - Hamburguesa Papiada	2026-02-10 23:34:11.932236-04	\N	2
48	-0.005	OUT	Pedido Mesa 7 - Hamburguesa Papiada	2026-02-10 23:34:11.935306-04	\N	6
49	-0.005	OUT	Pedido Mesa 7 - Hamburguesa Papiada	2026-02-10 23:34:11.938282-04	\N	4
50	-0.005	OUT	Pedido Mesa 7 - Hamburguesa Papiada	2026-02-10 23:34:11.94177-04	\N	5
51	-0.020	OUT	Pedido Mesa 7 - Hamburguesa Papiada	2026-02-10 23:34:11.945018-04	\N	3
52	-0.002	OUT	Pedido Mesa 7 - Hamburguesa Papiada	2026-02-10 23:34:11.947928-04	\N	10
53	-0.005	OUT	Pedido Mesa 7 - Hamburguesa Papiada	2026-02-10 23:34:11.950797-04	\N	9
54	-0.005	OUT	Pedido Mesa 7 - Hamburguesa Papiada	2026-02-10 23:34:11.953652-04	\N	8
55	-0.020	OUT	Pedido Mesa 7 - Hamburguesa Papiada	2026-02-10 23:34:11.956816-04	\N	7
56	-1.000	OUT	Pedido Mesa 7 - CocaCola 1L	2026-02-10 23:34:11.962192-04	\N	11
57	-0.250	OUT	Pedido Mesa 7 - Hamburguesa Papiada	2026-02-10 23:34:11.98826-04	\N	1
58	-1.000	OUT	Pedido Mesa 7 - Hamburguesa Papiada	2026-02-10 23:34:11.992554-04	\N	2
59	-0.005	OUT	Pedido Mesa 7 - Hamburguesa Papiada	2026-02-10 23:34:11.995656-04	\N	6
60	-0.005	OUT	Pedido Mesa 7 - Hamburguesa Papiada	2026-02-10 23:34:11.998509-04	\N	4
61	-0.005	OUT	Pedido Mesa 7 - Hamburguesa Papiada	2026-02-10 23:34:12.002394-04	\N	5
62	-0.020	OUT	Pedido Mesa 7 - Hamburguesa Papiada	2026-02-10 23:34:12.005406-04	\N	3
63	-0.002	OUT	Pedido Mesa 7 - Hamburguesa Papiada	2026-02-10 23:34:12.009096-04	\N	10
64	-0.005	OUT	Pedido Mesa 7 - Hamburguesa Papiada	2026-02-10 23:34:12.012254-04	\N	9
65	-0.005	OUT	Pedido Mesa 7 - Hamburguesa Papiada	2026-02-10 23:34:12.015155-04	\N	8
66	-0.020	OUT	Pedido Mesa 7 - Hamburguesa Papiada	2026-02-10 23:34:12.018034-04	\N	7
67	-1.000	OUT	Pedido Mesa 1 - CocaCola 1L	2026-02-11 10:36:07.842259-04	\N	11
68	-0.250	OUT	Pedido Mesa 2 - Hamburguesa Papiada	2026-02-11 10:39:54.241003-04	\N	1
69	-1.000	OUT	Pedido Mesa 2 - Hamburguesa Papiada	2026-02-11 10:39:54.261471-04	\N	2
70	-0.005	OUT	Pedido Mesa 2 - Hamburguesa Papiada	2026-02-11 10:39:54.26451-04	\N	6
71	-0.005	OUT	Pedido Mesa 2 - Hamburguesa Papiada	2026-02-11 10:39:54.267477-04	\N	4
72	-0.005	OUT	Pedido Mesa 2 - Hamburguesa Papiada	2026-02-11 10:39:54.270064-04	\N	5
73	-0.020	OUT	Pedido Mesa 2 - Hamburguesa Papiada	2026-02-11 10:39:54.276816-04	\N	3
74	-0.002	OUT	Pedido Mesa 2 - Hamburguesa Papiada	2026-02-11 10:39:54.279971-04	\N	10
75	-0.005	OUT	Pedido Mesa 2 - Hamburguesa Papiada	2026-02-11 10:39:54.282967-04	\N	9
76	-0.005	OUT	Pedido Mesa 2 - Hamburguesa Papiada	2026-02-11 10:39:54.285985-04	\N	8
77	-0.020	OUT	Pedido Mesa 2 - Hamburguesa Papiada	2026-02-11 10:39:54.289108-04	\N	7
78	-1.000	OUT	Pedido Mesa 2 - CocaCola 1L	2026-02-11 10:39:54.295232-04	\N	11
79	-0.250	OUT	Pedido Mesa 8 - Hamburguesa Papiada	2026-02-11 10:44:04.624064-04	\N	1
80	-1.000	OUT	Pedido Mesa 8 - Hamburguesa Papiada	2026-02-11 10:44:04.637399-04	\N	2
81	-0.005	OUT	Pedido Mesa 8 - Hamburguesa Papiada	2026-02-11 10:44:04.641793-04	\N	6
82	-0.005	OUT	Pedido Mesa 8 - Hamburguesa Papiada	2026-02-11 10:44:04.645813-04	\N	4
83	-0.005	OUT	Pedido Mesa 8 - Hamburguesa Papiada	2026-02-11 10:44:04.649921-04	\N	5
84	-0.020	OUT	Pedido Mesa 8 - Hamburguesa Papiada	2026-02-11 10:44:04.657493-04	\N	3
85	-0.002	OUT	Pedido Mesa 8 - Hamburguesa Papiada	2026-02-11 10:44:04.661022-04	\N	10
86	-0.005	OUT	Pedido Mesa 8 - Hamburguesa Papiada	2026-02-11 10:44:04.664628-04	\N	9
87	-0.005	OUT	Pedido Mesa 8 - Hamburguesa Papiada	2026-02-11 10:44:04.668926-04	\N	8
88	-0.020	OUT	Pedido Mesa 8 - Hamburguesa Papiada	2026-02-11 10:44:04.674308-04	\N	7
89	-1.000	OUT	Pedido Mesa 2 - CocaCola 1L	2026-02-11 10:48:26.574636-04	\N	11
90	-0.250	OUT	Pedido Mesa 8 - Hamburguesa Papiada	2026-02-11 18:18:53.801741-04	\N	1
91	-1.000	OUT	Pedido Mesa 8 - Hamburguesa Papiada	2026-02-11 18:18:53.822725-04	\N	2
92	-0.005	OUT	Pedido Mesa 8 - Hamburguesa Papiada	2026-02-11 18:18:53.835818-04	\N	6
93	-0.005	OUT	Pedido Mesa 8 - Hamburguesa Papiada	2026-02-11 18:18:53.857406-04	\N	4
94	-0.005	OUT	Pedido Mesa 8 - Hamburguesa Papiada	2026-02-11 18:18:53.883261-04	\N	5
95	-0.020	OUT	Pedido Mesa 8 - Hamburguesa Papiada	2026-02-11 18:18:53.92619-04	\N	3
96	-0.002	OUT	Pedido Mesa 8 - Hamburguesa Papiada	2026-02-11 18:18:53.946886-04	\N	10
97	-0.005	OUT	Pedido Mesa 8 - Hamburguesa Papiada	2026-02-11 18:18:53.976286-04	\N	9
98	-0.005	OUT	Pedido Mesa 8 - Hamburguesa Papiada	2026-02-11 18:18:53.988151-04	\N	8
99	-0.020	OUT	Pedido Mesa 8 - Hamburguesa Papiada	2026-02-11 18:18:54.003921-04	\N	7
100	-1.000	OUT	Pedido Mesa 8 - CocaCola 1L	2026-02-11 18:18:54.033591-04	\N	11
101	-1.000	OUT	Pedido Mesa 1 - CocaCola 1L	2026-02-11 18:20:37.419709-04	\N	11
\.


--
-- Data for Name: api_users_customer; Type: TABLE DATA; Schema: public; Owner: fary
--

COPY public.api_users_customer (id, cedula, first_name, last_name, phone, created_at, updated_at, restaurant_id, is_active) FROM stdin;
1	31409376	Jesus	Cespedes	04243792395	2026-02-10 17:33:25.874243-04	2026-02-10 17:33:25.874275-04	1	t
2	31107112	fary	leon	22334455	2026-02-10 18:18:56.358606-04	2026-02-10 18:18:56.358632-04	2	t
3	31409375	jesus	cespedes	42233998	2026-02-10 23:35:22.414912-04	2026-02-10 23:35:22.414933-04	1	t
\.


--
-- Data for Name: api_users_employee; Type: TABLE DATA; Schema: public; Owner: fary
--

COPY public.api_users_employee (id, cedula, role, created_at, updated_at, restaurant_id, user_id) FROM stdin;
1	31107112	ADMIN	2026-02-10 16:55:10.985692-04	2026-02-10 16:55:10.98571-04	1	1
2	31409376	CHEF	2026-02-10 16:59:32.434316-04	2026-02-10 16:59:32.434334-04	1	2
3	31106835	WAITER	2026-02-10 17:00:16.540292-04	2026-02-10 17:00:53.807681-04	1	3
4	30956016	WAITER	2026-02-10 17:01:57.825918-04	2026-02-10 17:01:57.825935-04	1	4
5	31409376	ADMIN	2026-02-10 17:41:45.240236-04	2026-02-10 17:41:45.240788-04	2	5
6	31107112	WAITER	2026-02-10 17:52:29.76773-04	2026-02-10 17:52:29.767749-04	2	6
7	30009100	CHEF	2026-02-10 17:53:34.428802-04	2026-02-10 17:53:34.428821-04	2	7
8	3022303	WAITER	2026-02-11 13:21:20.679076-04	2026-02-11 13:21:20.679153-04	1	8
9	232344422	CHEF	2026-02-11 17:59:51.324619-04	2026-02-11 17:59:51.324639-04	1	9
\.


--
-- Data for Name: api_users_user; Type: TABLE DATA; Schema: public; Owner: fary
--

COPY public.api_users_user (id, password, last_login, is_superuser, username, first_name, last_name, is_staff, is_active, date_joined, email, is_employee) FROM stdin;
1	pbkdf2_sha256$1200000$YfpEfh6Y7sF58vYQReoYqQ$GostT3VJQhRckX7JAQFS8STHWSEal90NFT9Bj0qkQWQ=	\N	f	admin_fary	Fary	Leon	f	t	2026-02-10 16:55:09.403361-04	lulu55fa@gmail.com	t
3	pbkdf2_sha256$1200000$3p45CzkzHZcnUJkDsCspyy$6KCVyV40Enflk0Dy0AFFIkMAz1y4Pc8JdDeBm44yFkw=	\N	f	gabo_waiter	Gabriel	Gutierrez	f	t	2026-02-10 17:00:14.980665-04	gabo@gmail.com	t
4	pbkdf2_sha256$1200000$Pg94tI9I5xeJK1BSE6YycS$1kIE0FT/g4gWnXxWiSqaMa0GXX1S3AfXQOzRQ+K3IW4=	\N	f	Mari_waiter	Mariangel	Flores	f	t	2026-02-10 17:01:56.668578-04	mariange@gmail.com	t
5	pbkdf2_sha256$1200000$tDaX9auMxYLvzDKlP7kl3L$7+uLLh/mz/zlbkyrU49AMtOq8E79Y1+oe8PrrzsGtwM=	\N	f	admin_jesus	Jesus	Cespedes	f	t	2026-02-10 17:41:43.847753-04	Jesus@gmail.com	t
6	pbkdf2_sha256$1200000$XY5xeCYfO2YDdGLBLcGyU0$KvgNxJuqUcE8Ze6/BgTjqpZNvUkc3ZtaKaQcofl7IzY=	\N	f	fary_waiter	Fary	Leon	f	t	2026-02-10 17:52:28.638422-04	fary.le0322@gmail.com	t
7	pbkdf2_sha256$1200000$u2YRJOSI2XT8QVwA56xcwa$aOyihnTHFPHajgO2WgJFkhpneu79umhE041WczastxY=	\N	f	carlos_chef	Carlos	Torres	f	t	2026-02-10 17:53:33.045193-04	carlos@gmail.com	t
2	pbkdf2_sha256$1200000$1bwFtgWKlbEs6dDfdmdKSy$RWGZgu+PyfqTG9IQ9Mbv2zJ+jvpM4Kn9RmX5Vp3UxMo=	\N	f	jesus_chef	Jesus	Cespedes	f	f	2026-02-10 16:59:31.257369-04	jesus@gmail.com	t
8	pbkdf2_sha256$1200000$PMxfWN8g6hTLOSMdhCu1fH$j5M5dWjuWglvtFyUn7b5Rh4JJ0Tk3XKc6oCnAU1T2+g=	\N	f	Carla_chef	Carla	Garcia	f	f	2026-02-11 13:21:19.538849-04	carlagarcia@gmail.com	t
9	pbkdf2_sha256$1200000$8qU52jsDmKXCFB9mEVeloG$0mzjGddkly4TfYHvtzYpxS7zo6B0zla/jjJP6VG5m9o=	\N	f	Carol_chef	assa	sasa	f	t	2026-02-11 17:59:49.664179-04	sas@gmail.com	t
\.


--
-- Data for Name: api_users_user_groups; Type: TABLE DATA; Schema: public; Owner: fary
--

COPY public.api_users_user_groups (id, user_id, group_id) FROM stdin;
\.


--
-- Data for Name: api_users_user_user_permissions; Type: TABLE DATA; Schema: public; Owner: fary
--

COPY public.api_users_user_user_permissions (id, user_id, permission_id) FROM stdin;
\.


--
-- Data for Name: auth_group; Type: TABLE DATA; Schema: public; Owner: fary
--

COPY public.auth_group (id, name) FROM stdin;
\.


--
-- Data for Name: auth_group_permissions; Type: TABLE DATA; Schema: public; Owner: fary
--

COPY public.auth_group_permissions (id, group_id, permission_id) FROM stdin;
\.


--
-- Data for Name: auth_permission; Type: TABLE DATA; Schema: public; Owner: fary
--

COPY public.auth_permission (id, name, content_type_id, codename) FROM stdin;
1	Can add log entry	1	add_logentry
2	Can change log entry	1	change_logentry
3	Can delete log entry	1	delete_logentry
4	Can view log entry	1	view_logentry
5	Can add permission	3	add_permission
6	Can change permission	3	change_permission
7	Can delete permission	3	delete_permission
8	Can view permission	3	view_permission
9	Can add group	2	add_group
10	Can change group	2	change_group
11	Can delete group	2	delete_group
12	Can view group	2	view_group
13	Can add content type	4	add_contenttype
14	Can change content type	4	change_contenttype
15	Can delete content type	4	delete_contenttype
16	Can view content type	4	view_contenttype
17	Can add session	5	add_session
18	Can change session	5	change_session
19	Can delete session	5	delete_session
20	Can view session	5	view_session
21	Can add user	8	add_user
22	Can change user	8	change_user
23	Can delete user	8	delete_user
24	Can view user	8	view_user
25	Can add customer	6	add_customer
26	Can change customer	6	change_customer
27	Can delete customer	6	delete_customer
28	Can view customer	6	view_customer
29	Can add employee	7	add_employee
30	Can change employee	7	change_employee
31	Can delete employee	7	delete_employee
32	Can view employee	7	view_employee
33	Can add restaurant	9	add_restaurant
34	Can change restaurant	9	change_restaurant
35	Can delete restaurant	9	delete_restaurant
36	Can view restaurant	9	view_restaurant
37	Can add table session	11	add_tablesession
38	Can change table session	11	change_tablesession
39	Can delete table session	11	delete_tablesession
40	Can view table session	11	view_tablesession
41	Can add table	10	add_table
42	Can change table	10	change_table
43	Can delete table	10	delete_table
44	Can view table	10	view_table
45	Can add stock movement	13	add_stockmovement
46	Can change stock movement	13	change_stockmovement
47	Can delete stock movement	13	delete_stockmovement
48	Can view stock movement	13	view_stockmovement
49	Can add stock item	12	add_stockitem
50	Can change stock item	12	change_stockitem
51	Can delete stock item	12	delete_stockitem
52	Can view stock item	12	view_stockitem
53	Can add dish	14	add_dish
54	Can change dish	14	change_dish
55	Can delete dish	14	delete_dish
56	Can view dish	14	view_dish
57	Can add dish category	15	add_dishcategory
58	Can change dish category	15	change_dishcategory
59	Can delete dish category	15	delete_dishcategory
60	Can view dish category	15	view_dishcategory
61	Can add recipe	16	add_recipe
62	Can change recipe	16	change_recipe
63	Can delete recipe	16	delete_recipe
64	Can view recipe	16	view_recipe
65	Can add order	17	add_order
66	Can change order	17	change_order
67	Can delete order	17	delete_order
68	Can view order	17	view_order
69	Can add order detail	18	add_orderdetail
70	Can change order detail	18	change_orderdetail
71	Can delete order detail	18	delete_orderdetail
72	Can view order detail	18	view_orderdetail
73	Can add payment	19	add_payment
74	Can change payment	19	change_payment
75	Can delete payment	19	delete_payment
76	Can view payment	19	view_payment
\.


--
-- Data for Name: django_admin_log; Type: TABLE DATA; Schema: public; Owner: fary
--

COPY public.django_admin_log (id, action_time, object_id, object_repr, action_flag, change_message, content_type_id, user_id) FROM stdin;
\.


--
-- Data for Name: django_content_type; Type: TABLE DATA; Schema: public; Owner: fary
--

COPY public.django_content_type (id, app_label, model) FROM stdin;
1	admin	logentry
2	auth	group
3	auth	permission
4	contenttypes	contenttype
5	sessions	session
6	api_users	customer
7	api_users	employee
8	api_users	user
9	api_restaurant	restaurant
10	api_restaurant	table
11	api_restaurant	tablesession
12	api_stock	stockitem
13	api_stock	stockmovement
14	api_menu	dish
15	api_menu	dishcategory
16	api_menu	recipe
17	api_order	order
18	api_order	orderdetail
19	api_finance	payment
\.


--
-- Data for Name: django_migrations; Type: TABLE DATA; Schema: public; Owner: fary
--

COPY public.django_migrations (id, app, name, applied) FROM stdin;
1	contenttypes	0001_initial	2026-02-10 16:44:35.336739-04
2	contenttypes	0002_remove_content_type_name	2026-02-10 16:44:35.381341-04
3	auth	0001_initial	2026-02-10 16:44:35.497372-04
4	auth	0002_alter_permission_name_max_length	2026-02-10 16:44:35.527037-04
5	auth	0003_alter_user_email_max_length	2026-02-10 16:44:35.553484-04
6	auth	0004_alter_user_username_opts	2026-02-10 16:44:35.571473-04
7	auth	0005_alter_user_last_login_null	2026-02-10 16:44:35.585424-04
8	auth	0006_require_contenttypes_0002	2026-02-10 16:44:35.591269-04
9	auth	0007_alter_validators_add_error_messages	2026-02-10 16:44:35.616858-04
10	auth	0008_alter_user_username_max_length	2026-02-10 16:44:35.637157-04
11	auth	0009_alter_user_last_name_max_length	2026-02-10 16:44:35.648239-04
12	auth	0010_alter_group_name_max_length	2026-02-10 16:44:35.663717-04
13	auth	0011_update_proxy_permissions	2026-02-10 16:44:35.68401-04
14	auth	0012_alter_user_first_name_max_length	2026-02-10 16:44:35.695458-04
15	api_restaurant	0001_initial	2026-02-10 16:44:35.774152-04
16	api_users	0001_initial	2026-02-10 16:44:35.987987-04
17	admin	0001_initial	2026-02-10 16:44:36.07556-04
18	admin	0002_logentry_remove_auto_add	2026-02-10 16:44:36.1466-04
19	admin	0003_logentry_add_action_flag_choices	2026-02-10 16:44:36.194828-04
20	api_order	0001_initial	2026-02-10 16:44:36.231494-04
21	api_menu	0001_initial	2026-02-10 16:44:36.294028-04
22	api_order	0002_initial	2026-02-10 16:44:36.367625-04
23	api_finance	0001_initial	2026-02-10 16:44:36.414799-04
24	api_finance	0002_initial	2026-02-10 16:44:36.973316-04
25	api_finance	0003_remove_payment_subtotal_remove_payment_tip_and_more	2026-02-10 16:44:37.204654-04
26	api_finance	0004_alter_payment_payment_method_alter_payment_status	2026-02-10 16:44:37.360487-04
27	api_restaurant	0002_initial	2026-02-10 16:44:37.650182-04
28	api_restaurant	0003_table_is_active	2026-02-10 16:44:37.695801-04
29	api_stock	0001_initial	2026-02-10 16:44:37.847286-04
30	api_menu	0002_initial	2026-02-10 16:44:38.055968-04
31	api_menu	0003_initial	2026-02-10 16:44:38.120312-04
32	api_menu	0004_dish_is_active_dishcategory_is_active	2026-02-10 16:44:38.24223-04
33	api_menu	0005_alter_dish_unique_together_and_more	2026-02-10 16:44:38.372063-04
34	api_menu	0006_alter_dishcategory_unique_together_and_more	2026-02-10 16:44:38.648589-04
35	api_menu	0007_seed_categories	2026-02-10 16:44:39.860023-04
36	api_order	0003_remove_order_priority_orderdetail_status_and_more	2026-02-10 16:44:40.108078-04
37	api_order	0004_alter_orderdetail_status	2026-02-10 16:44:40.171438-04
38	api_order	0005_alter_order_status	2026-02-10 16:44:40.201631-04
39	api_stock	0002_initial	2026-02-10 16:44:40.825021-04
40	api_stock	0003_remove_stockitem_supplier_stockitem_created_at_and_more	2026-02-10 16:44:40.956227-04
41	api_stock	0004_alter_stockitem_options_and_more	2026-02-10 16:44:41.103528-04
42	api_stock	0005_alter_stockitem_options	2026-02-10 16:44:41.193628-04
43	api_users	0002_alter_employee_options_alter_user_email	2026-02-10 16:44:41.371729-04
44	api_users	0003_customer_is_active	2026-02-10 16:44:41.427716-04
45	api_users	0004_alter_customer_cedula_alter_employee_cedula	2026-02-10 16:44:41.580642-04
46	api_users	0005_employee_unique_chef_per_restaurant	2026-02-10 16:44:41.699843-04
47	api_users	0006_alter_user_email	2026-02-10 16:44:41.808259-04
48	sessions	0001_initial	2026-02-10 16:44:41.876537-04
49	api_users	0007_remove_employee_unique_chef_per_restaurant	2026-02-11 17:30:47.713951-04
\.


--
-- Data for Name: django_session; Type: TABLE DATA; Schema: public; Owner: fary
--

COPY public.django_session (session_key, session_data, expire_date) FROM stdin;
\.


--
-- Name: api_finance_payment_id_seq; Type: SEQUENCE SET; Schema: public; Owner: fary
--

SELECT pg_catalog.setval('public.api_finance_payment_id_seq', 11, true);


--
-- Name: api_menu_dish_id_seq; Type: SEQUENCE SET; Schema: public; Owner: fary
--

SELECT pg_catalog.setval('public.api_menu_dish_id_seq', 3, true);


--
-- Name: api_menu_dishcategory_id_seq; Type: SEQUENCE SET; Schema: public; Owner: fary
--

SELECT pg_catalog.setval('public.api_menu_dishcategory_id_seq', 225, true);


--
-- Name: api_menu_recipe_id_seq; Type: SEQUENCE SET; Schema: public; Owner: fary
--

SELECT pg_catalog.setval('public.api_menu_recipe_id_seq', 15, true);


--
-- Name: api_order_order_id_seq; Type: SEQUENCE SET; Schema: public; Owner: fary
--

SELECT pg_catalog.setval('public.api_order_order_id_seq', 11, true);


--
-- Name: api_order_orderdetail_id_seq; Type: SEQUENCE SET; Schema: public; Owner: fary
--

SELECT pg_catalog.setval('public.api_order_orderdetail_id_seq', 20, true);


--
-- Name: api_restaurant_restaurant_id_seq; Type: SEQUENCE SET; Schema: public; Owner: fary
--

SELECT pg_catalog.setval('public.api_restaurant_restaurant_id_seq', 2, true);


--
-- Name: api_restaurant_table_id_seq; Type: SEQUENCE SET; Schema: public; Owner: fary
--

SELECT pg_catalog.setval('public.api_restaurant_table_id_seq', 14, true);


--
-- Name: api_restaurant_tablesession_id_seq; Type: SEQUENCE SET; Schema: public; Owner: fary
--

SELECT pg_catalog.setval('public.api_restaurant_tablesession_id_seq', 11, true);


--
-- Name: api_stock_stockitem_id_seq; Type: SEQUENCE SET; Schema: public; Owner: fary
--

SELECT pg_catalog.setval('public.api_stock_stockitem_id_seq', 23, true);


--
-- Name: api_stock_stockmovement_id_seq; Type: SEQUENCE SET; Schema: public; Owner: fary
--

SELECT pg_catalog.setval('public.api_stock_stockmovement_id_seq', 101, true);


--
-- Name: api_users_customer_id_seq; Type: SEQUENCE SET; Schema: public; Owner: fary
--

SELECT pg_catalog.setval('public.api_users_customer_id_seq', 3, true);


--
-- Name: api_users_employee_id_seq; Type: SEQUENCE SET; Schema: public; Owner: fary
--

SELECT pg_catalog.setval('public.api_users_employee_id_seq', 9, true);


--
-- Name: api_users_user_groups_id_seq; Type: SEQUENCE SET; Schema: public; Owner: fary
--

SELECT pg_catalog.setval('public.api_users_user_groups_id_seq', 1, false);


--
-- Name: api_users_user_id_seq; Type: SEQUENCE SET; Schema: public; Owner: fary
--

SELECT pg_catalog.setval('public.api_users_user_id_seq', 9, true);


--
-- Name: api_users_user_user_permissions_id_seq; Type: SEQUENCE SET; Schema: public; Owner: fary
--

SELECT pg_catalog.setval('public.api_users_user_user_permissions_id_seq', 1, false);


--
-- Name: auth_group_id_seq; Type: SEQUENCE SET; Schema: public; Owner: fary
--

SELECT pg_catalog.setval('public.auth_group_id_seq', 1, false);


--
-- Name: auth_group_permissions_id_seq; Type: SEQUENCE SET; Schema: public; Owner: fary
--

SELECT pg_catalog.setval('public.auth_group_permissions_id_seq', 1, false);


--
-- Name: auth_permission_id_seq; Type: SEQUENCE SET; Schema: public; Owner: fary
--

SELECT pg_catalog.setval('public.auth_permission_id_seq', 76, true);


--
-- Name: django_admin_log_id_seq; Type: SEQUENCE SET; Schema: public; Owner: fary
--

SELECT pg_catalog.setval('public.django_admin_log_id_seq', 1, false);


--
-- Name: django_content_type_id_seq; Type: SEQUENCE SET; Schema: public; Owner: fary
--

SELECT pg_catalog.setval('public.django_content_type_id_seq', 19, true);


--
-- Name: django_migrations_id_seq; Type: SEQUENCE SET; Schema: public; Owner: fary
--

SELECT pg_catalog.setval('public.django_migrations_id_seq', 49, true);


--
-- Name: api_finance_payment api_finance_payment_order_id_key; Type: CONSTRAINT; Schema: public; Owner: fary
--

ALTER TABLE ONLY public.api_finance_payment
    ADD CONSTRAINT api_finance_payment_order_id_key UNIQUE (order_id);


--
-- Name: api_finance_payment api_finance_payment_pkey; Type: CONSTRAINT; Schema: public; Owner: fary
--

ALTER TABLE ONLY public.api_finance_payment
    ADD CONSTRAINT api_finance_payment_pkey PRIMARY KEY (id);


--
-- Name: api_menu_dish api_menu_dish_pkey; Type: CONSTRAINT; Schema: public; Owner: fary
--

ALTER TABLE ONLY public.api_menu_dish
    ADD CONSTRAINT api_menu_dish_pkey PRIMARY KEY (id);


--
-- Name: api_menu_dish api_menu_dish_restaurant_id_name_afbaca3f_uniq; Type: CONSTRAINT; Schema: public; Owner: fary
--

ALTER TABLE ONLY public.api_menu_dish
    ADD CONSTRAINT api_menu_dish_restaurant_id_name_afbaca3f_uniq UNIQUE (restaurant_id, name);


--
-- Name: api_menu_dishcategory api_menu_dishcategory_pkey; Type: CONSTRAINT; Schema: public; Owner: fary
--

ALTER TABLE ONLY public.api_menu_dishcategory
    ADD CONSTRAINT api_menu_dishcategory_pkey PRIMARY KEY (id);


--
-- Name: api_menu_recipe api_menu_recipe_pkey; Type: CONSTRAINT; Schema: public; Owner: fary
--

ALTER TABLE ONLY public.api_menu_recipe
    ADD CONSTRAINT api_menu_recipe_pkey PRIMARY KEY (id);


--
-- Name: api_order_order api_order_order_pkey; Type: CONSTRAINT; Schema: public; Owner: fary
--

ALTER TABLE ONLY public.api_order_order
    ADD CONSTRAINT api_order_order_pkey PRIMARY KEY (id);


--
-- Name: api_order_order api_order_order_session_id_ff32e662_uniq; Type: CONSTRAINT; Schema: public; Owner: fary
--

ALTER TABLE ONLY public.api_order_order
    ADD CONSTRAINT api_order_order_session_id_ff32e662_uniq UNIQUE (session_id);


--
-- Name: api_order_orderdetail api_order_orderdetail_pkey; Type: CONSTRAINT; Schema: public; Owner: fary
--

ALTER TABLE ONLY public.api_order_orderdetail
    ADD CONSTRAINT api_order_orderdetail_pkey PRIMARY KEY (id);


--
-- Name: api_restaurant_restaurant api_restaurant_restaurant_pkey; Type: CONSTRAINT; Schema: public; Owner: fary
--

ALTER TABLE ONLY public.api_restaurant_restaurant
    ADD CONSTRAINT api_restaurant_restaurant_pkey PRIMARY KEY (id);


--
-- Name: api_restaurant_table api_restaurant_table_pkey; Type: CONSTRAINT; Schema: public; Owner: fary
--

ALTER TABLE ONLY public.api_restaurant_table
    ADD CONSTRAINT api_restaurant_table_pkey PRIMARY KEY (id);


--
-- Name: api_restaurant_table api_restaurant_table_restaurant_id_number_f5ed0997_uniq; Type: CONSTRAINT; Schema: public; Owner: fary
--

ALTER TABLE ONLY public.api_restaurant_table
    ADD CONSTRAINT api_restaurant_table_restaurant_id_number_f5ed0997_uniq UNIQUE (restaurant_id, number);


--
-- Name: api_restaurant_tablesession api_restaurant_tablesession_pkey; Type: CONSTRAINT; Schema: public; Owner: fary
--

ALTER TABLE ONLY public.api_restaurant_tablesession
    ADD CONSTRAINT api_restaurant_tablesession_pkey PRIMARY KEY (id);


--
-- Name: api_stock_stockitem api_stock_stockitem_pkey; Type: CONSTRAINT; Schema: public; Owner: fary
--

ALTER TABLE ONLY public.api_stock_stockitem
    ADD CONSTRAINT api_stock_stockitem_pkey PRIMARY KEY (id);


--
-- Name: api_stock_stockitem api_stock_stockitem_restaurant_id_name_dc65bbc8_uniq; Type: CONSTRAINT; Schema: public; Owner: fary
--

ALTER TABLE ONLY public.api_stock_stockitem
    ADD CONSTRAINT api_stock_stockitem_restaurant_id_name_dc65bbc8_uniq UNIQUE (restaurant_id, name);


--
-- Name: api_stock_stockmovement api_stock_stockmovement_pkey; Type: CONSTRAINT; Schema: public; Owner: fary
--

ALTER TABLE ONLY public.api_stock_stockmovement
    ADD CONSTRAINT api_stock_stockmovement_pkey PRIMARY KEY (id);


--
-- Name: api_users_customer api_users_customer_pkey; Type: CONSTRAINT; Schema: public; Owner: fary
--

ALTER TABLE ONLY public.api_users_customer
    ADD CONSTRAINT api_users_customer_pkey PRIMARY KEY (id);


--
-- Name: api_users_customer api_users_customer_restaurant_id_cedula_9f152f96_uniq; Type: CONSTRAINT; Schema: public; Owner: fary
--

ALTER TABLE ONLY public.api_users_customer
    ADD CONSTRAINT api_users_customer_restaurant_id_cedula_9f152f96_uniq UNIQUE (restaurant_id, cedula);


--
-- Name: api_users_employee api_users_employee_pkey; Type: CONSTRAINT; Schema: public; Owner: fary
--

ALTER TABLE ONLY public.api_users_employee
    ADD CONSTRAINT api_users_employee_pkey PRIMARY KEY (id);


--
-- Name: api_users_employee api_users_employee_restaurant_id_cedula_91b4a028_uniq; Type: CONSTRAINT; Schema: public; Owner: fary
--

ALTER TABLE ONLY public.api_users_employee
    ADD CONSTRAINT api_users_employee_restaurant_id_cedula_91b4a028_uniq UNIQUE (restaurant_id, cedula);


--
-- Name: api_users_employee api_users_employee_user_id_key; Type: CONSTRAINT; Schema: public; Owner: fary
--

ALTER TABLE ONLY public.api_users_employee
    ADD CONSTRAINT api_users_employee_user_id_key UNIQUE (user_id);


--
-- Name: api_users_user api_users_user_email_6f0ce46f_uniq; Type: CONSTRAINT; Schema: public; Owner: fary
--

ALTER TABLE ONLY public.api_users_user
    ADD CONSTRAINT api_users_user_email_6f0ce46f_uniq UNIQUE (email);


--
-- Name: api_users_user_groups api_users_user_groups_pkey; Type: CONSTRAINT; Schema: public; Owner: fary
--

ALTER TABLE ONLY public.api_users_user_groups
    ADD CONSTRAINT api_users_user_groups_pkey PRIMARY KEY (id);


--
-- Name: api_users_user_groups api_users_user_groups_user_id_group_id_b482f97a_uniq; Type: CONSTRAINT; Schema: public; Owner: fary
--

ALTER TABLE ONLY public.api_users_user_groups
    ADD CONSTRAINT api_users_user_groups_user_id_group_id_b482f97a_uniq UNIQUE (user_id, group_id);


--
-- Name: api_users_user api_users_user_pkey; Type: CONSTRAINT; Schema: public; Owner: fary
--

ALTER TABLE ONLY public.api_users_user
    ADD CONSTRAINT api_users_user_pkey PRIMARY KEY (id);


--
-- Name: api_users_user_user_permissions api_users_user_user_perm_user_id_permission_id_8df38e59_uniq; Type: CONSTRAINT; Schema: public; Owner: fary
--

ALTER TABLE ONLY public.api_users_user_user_permissions
    ADD CONSTRAINT api_users_user_user_perm_user_id_permission_id_8df38e59_uniq UNIQUE (user_id, permission_id);


--
-- Name: api_users_user_user_permissions api_users_user_user_permissions_pkey; Type: CONSTRAINT; Schema: public; Owner: fary
--

ALTER TABLE ONLY public.api_users_user_user_permissions
    ADD CONSTRAINT api_users_user_user_permissions_pkey PRIMARY KEY (id);


--
-- Name: api_users_user api_users_user_username_key; Type: CONSTRAINT; Schema: public; Owner: fary
--

ALTER TABLE ONLY public.api_users_user
    ADD CONSTRAINT api_users_user_username_key UNIQUE (username);


--
-- Name: auth_group auth_group_name_key; Type: CONSTRAINT; Schema: public; Owner: fary
--

ALTER TABLE ONLY public.auth_group
    ADD CONSTRAINT auth_group_name_key UNIQUE (name);


--
-- Name: auth_group_permissions auth_group_permissions_group_id_permission_id_0cd325b0_uniq; Type: CONSTRAINT; Schema: public; Owner: fary
--

ALTER TABLE ONLY public.auth_group_permissions
    ADD CONSTRAINT auth_group_permissions_group_id_permission_id_0cd325b0_uniq UNIQUE (group_id, permission_id);


--
-- Name: auth_group_permissions auth_group_permissions_pkey; Type: CONSTRAINT; Schema: public; Owner: fary
--

ALTER TABLE ONLY public.auth_group_permissions
    ADD CONSTRAINT auth_group_permissions_pkey PRIMARY KEY (id);


--
-- Name: auth_group auth_group_pkey; Type: CONSTRAINT; Schema: public; Owner: fary
--

ALTER TABLE ONLY public.auth_group
    ADD CONSTRAINT auth_group_pkey PRIMARY KEY (id);


--
-- Name: auth_permission auth_permission_content_type_id_codename_01ab375a_uniq; Type: CONSTRAINT; Schema: public; Owner: fary
--

ALTER TABLE ONLY public.auth_permission
    ADD CONSTRAINT auth_permission_content_type_id_codename_01ab375a_uniq UNIQUE (content_type_id, codename);


--
-- Name: auth_permission auth_permission_pkey; Type: CONSTRAINT; Schema: public; Owner: fary
--

ALTER TABLE ONLY public.auth_permission
    ADD CONSTRAINT auth_permission_pkey PRIMARY KEY (id);


--
-- Name: django_admin_log django_admin_log_pkey; Type: CONSTRAINT; Schema: public; Owner: fary
--

ALTER TABLE ONLY public.django_admin_log
    ADD CONSTRAINT django_admin_log_pkey PRIMARY KEY (id);


--
-- Name: django_content_type django_content_type_app_label_model_76bd3d3b_uniq; Type: CONSTRAINT; Schema: public; Owner: fary
--

ALTER TABLE ONLY public.django_content_type
    ADD CONSTRAINT django_content_type_app_label_model_76bd3d3b_uniq UNIQUE (app_label, model);


--
-- Name: django_content_type django_content_type_pkey; Type: CONSTRAINT; Schema: public; Owner: fary
--

ALTER TABLE ONLY public.django_content_type
    ADD CONSTRAINT django_content_type_pkey PRIMARY KEY (id);


--
-- Name: django_migrations django_migrations_pkey; Type: CONSTRAINT; Schema: public; Owner: fary
--

ALTER TABLE ONLY public.django_migrations
    ADD CONSTRAINT django_migrations_pkey PRIMARY KEY (id);


--
-- Name: django_session django_session_pkey; Type: CONSTRAINT; Schema: public; Owner: fary
--

ALTER TABLE ONLY public.django_session
    ADD CONSTRAINT django_session_pkey PRIMARY KEY (session_key);


--
-- Name: api_finance_payment_collected_by_id_9ddf79ca; Type: INDEX; Schema: public; Owner: fary
--

CREATE INDEX api_finance_payment_collected_by_id_9ddf79ca ON public.api_finance_payment USING btree (collected_by_id);


--
-- Name: api_finance_payment_customer_id_541391a2; Type: INDEX; Schema: public; Owner: fary
--

CREATE INDEX api_finance_payment_customer_id_541391a2 ON public.api_finance_payment USING btree (customer_id);


--
-- Name: api_finance_payment_restaurant_id_ea468417; Type: INDEX; Schema: public; Owner: fary
--

CREATE INDEX api_finance_payment_restaurant_id_ea468417 ON public.api_finance_payment USING btree (restaurant_id);


--
-- Name: api_menu_dish_category_id_3daa7c91; Type: INDEX; Schema: public; Owner: fary
--

CREATE INDEX api_menu_dish_category_id_3daa7c91 ON public.api_menu_dish USING btree (category_id);


--
-- Name: api_menu_dish_restaurant_id_34cf551d; Type: INDEX; Schema: public; Owner: fary
--

CREATE INDEX api_menu_dish_restaurant_id_34cf551d ON public.api_menu_dish USING btree (restaurant_id);


--
-- Name: api_menu_recipe_dish_id_8c9619f2; Type: INDEX; Schema: public; Owner: fary
--

CREATE INDEX api_menu_recipe_dish_id_8c9619f2 ON public.api_menu_recipe USING btree (dish_id);


--
-- Name: api_menu_recipe_stock_item_id_8005693b; Type: INDEX; Schema: public; Owner: fary
--

CREATE INDEX api_menu_recipe_stock_item_id_8005693b ON public.api_menu_recipe USING btree (stock_item_id);


--
-- Name: api_order_orderdetail_dish_id_7a7c2d54; Type: INDEX; Schema: public; Owner: fary
--

CREATE INDEX api_order_orderdetail_dish_id_7a7c2d54 ON public.api_order_orderdetail USING btree (dish_id);


--
-- Name: api_order_orderdetail_order_id_5e3dffd2; Type: INDEX; Schema: public; Owner: fary
--

CREATE INDEX api_order_orderdetail_order_id_5e3dffd2 ON public.api_order_orderdetail USING btree (order_id);


--
-- Name: api_restaurant_table_restaurant_id_00604c99; Type: INDEX; Schema: public; Owner: fary
--

CREATE INDEX api_restaurant_table_restaurant_id_00604c99 ON public.api_restaurant_table USING btree (restaurant_id);


--
-- Name: api_restaurant_tablesession_employee_id_b2bdf776; Type: INDEX; Schema: public; Owner: fary
--

CREATE INDEX api_restaurant_tablesession_employee_id_b2bdf776 ON public.api_restaurant_tablesession USING btree (employee_id);


--
-- Name: api_restaurant_tablesession_table_id_bed579a7; Type: INDEX; Schema: public; Owner: fary
--

CREATE INDEX api_restaurant_tablesession_table_id_bed579a7 ON public.api_restaurant_tablesession USING btree (table_id);


--
-- Name: api_stock_stockitem_restaurant_id_c7f959c7; Type: INDEX; Schema: public; Owner: fary
--

CREATE INDEX api_stock_stockitem_restaurant_id_c7f959c7 ON public.api_stock_stockitem USING btree (restaurant_id);


--
-- Name: api_stock_stockmovement_created_by_id_dec176fe; Type: INDEX; Schema: public; Owner: fary
--

CREATE INDEX api_stock_stockmovement_created_by_id_dec176fe ON public.api_stock_stockmovement USING btree (created_by_id);


--
-- Name: api_stock_stockmovement_item_id_d362323f; Type: INDEX; Schema: public; Owner: fary
--

CREATE INDEX api_stock_stockmovement_item_id_d362323f ON public.api_stock_stockmovement USING btree (item_id);


--
-- Name: api_users_customer_restaurant_id_a8eb7d94; Type: INDEX; Schema: public; Owner: fary
--

CREATE INDEX api_users_customer_restaurant_id_a8eb7d94 ON public.api_users_customer USING btree (restaurant_id);


--
-- Name: api_users_employee_restaurant_id_2d86ec18; Type: INDEX; Schema: public; Owner: fary
--

CREATE INDEX api_users_employee_restaurant_id_2d86ec18 ON public.api_users_employee USING btree (restaurant_id);


--
-- Name: api_users_user_email_6f0ce46f_like; Type: INDEX; Schema: public; Owner: fary
--

CREATE INDEX api_users_user_email_6f0ce46f_like ON public.api_users_user USING btree (email varchar_pattern_ops);


--
-- Name: api_users_user_groups_group_id_76d914de; Type: INDEX; Schema: public; Owner: fary
--

CREATE INDEX api_users_user_groups_group_id_76d914de ON public.api_users_user_groups USING btree (group_id);


--
-- Name: api_users_user_groups_user_id_14dd9469; Type: INDEX; Schema: public; Owner: fary
--

CREATE INDEX api_users_user_groups_user_id_14dd9469 ON public.api_users_user_groups USING btree (user_id);


--
-- Name: api_users_user_user_permissions_permission_id_a85f925e; Type: INDEX; Schema: public; Owner: fary
--

CREATE INDEX api_users_user_user_permissions_permission_id_a85f925e ON public.api_users_user_user_permissions USING btree (permission_id);


--
-- Name: api_users_user_user_permissions_user_id_cd0e47ad; Type: INDEX; Schema: public; Owner: fary
--

CREATE INDEX api_users_user_user_permissions_user_id_cd0e47ad ON public.api_users_user_user_permissions USING btree (user_id);


--
-- Name: api_users_user_username_450d64d4_like; Type: INDEX; Schema: public; Owner: fary
--

CREATE INDEX api_users_user_username_450d64d4_like ON public.api_users_user USING btree (username varchar_pattern_ops);


--
-- Name: auth_group_name_a6ea08ec_like; Type: INDEX; Schema: public; Owner: fary
--

CREATE INDEX auth_group_name_a6ea08ec_like ON public.auth_group USING btree (name varchar_pattern_ops);


--
-- Name: auth_group_permissions_group_id_b120cbf9; Type: INDEX; Schema: public; Owner: fary
--

CREATE INDEX auth_group_permissions_group_id_b120cbf9 ON public.auth_group_permissions USING btree (group_id);


--
-- Name: auth_group_permissions_permission_id_84c5c92e; Type: INDEX; Schema: public; Owner: fary
--

CREATE INDEX auth_group_permissions_permission_id_84c5c92e ON public.auth_group_permissions USING btree (permission_id);


--
-- Name: auth_permission_content_type_id_2f476e4b; Type: INDEX; Schema: public; Owner: fary
--

CREATE INDEX auth_permission_content_type_id_2f476e4b ON public.auth_permission USING btree (content_type_id);


--
-- Name: django_admin_log_content_type_id_c4bce8eb; Type: INDEX; Schema: public; Owner: fary
--

CREATE INDEX django_admin_log_content_type_id_c4bce8eb ON public.django_admin_log USING btree (content_type_id);


--
-- Name: django_admin_log_user_id_c564eba6; Type: INDEX; Schema: public; Owner: fary
--

CREATE INDEX django_admin_log_user_id_c564eba6 ON public.django_admin_log USING btree (user_id);


--
-- Name: django_session_expire_date_a5c62663; Type: INDEX; Schema: public; Owner: fary
--

CREATE INDEX django_session_expire_date_a5c62663 ON public.django_session USING btree (expire_date);


--
-- Name: django_session_session_key_c0390e0f_like; Type: INDEX; Schema: public; Owner: fary
--

CREATE INDEX django_session_session_key_c0390e0f_like ON public.django_session USING btree (session_key varchar_pattern_ops);


--
-- Name: unique_active_session_per_table; Type: INDEX; Schema: public; Owner: fary
--

CREATE UNIQUE INDEX unique_active_session_per_table ON public.api_restaurant_tablesession USING btree (table_id) WHERE is_active;


--
-- Name: api_finance_payment api_finance_payment_collected_by_id_9ddf79ca_fk_api_users; Type: FK CONSTRAINT; Schema: public; Owner: fary
--

ALTER TABLE ONLY public.api_finance_payment
    ADD CONSTRAINT api_finance_payment_collected_by_id_9ddf79ca_fk_api_users FOREIGN KEY (collected_by_id) REFERENCES public.api_users_employee(id) DEFERRABLE INITIALLY DEFERRED;


--
-- Name: api_finance_payment api_finance_payment_customer_id_541391a2_fk_api_users; Type: FK CONSTRAINT; Schema: public; Owner: fary
--

ALTER TABLE ONLY public.api_finance_payment
    ADD CONSTRAINT api_finance_payment_customer_id_541391a2_fk_api_users FOREIGN KEY (customer_id) REFERENCES public.api_users_customer(id) DEFERRABLE INITIALLY DEFERRED;


--
-- Name: api_finance_payment api_finance_payment_order_id_74e5f7e2_fk_api_order_order_id; Type: FK CONSTRAINT; Schema: public; Owner: fary
--

ALTER TABLE ONLY public.api_finance_payment
    ADD CONSTRAINT api_finance_payment_order_id_74e5f7e2_fk_api_order_order_id FOREIGN KEY (order_id) REFERENCES public.api_order_order(id) DEFERRABLE INITIALLY DEFERRED;


--
-- Name: api_finance_payment api_finance_payment_restaurant_id_ea468417_fk_api_resta; Type: FK CONSTRAINT; Schema: public; Owner: fary
--

ALTER TABLE ONLY public.api_finance_payment
    ADD CONSTRAINT api_finance_payment_restaurant_id_ea468417_fk_api_resta FOREIGN KEY (restaurant_id) REFERENCES public.api_restaurant_restaurant(id) DEFERRABLE INITIALLY DEFERRED;


--
-- Name: api_menu_dish api_menu_dish_category_id_3daa7c91_fk_api_menu_dishcategory_id; Type: FK CONSTRAINT; Schema: public; Owner: fary
--

ALTER TABLE ONLY public.api_menu_dish
    ADD CONSTRAINT api_menu_dish_category_id_3daa7c91_fk_api_menu_dishcategory_id FOREIGN KEY (category_id) REFERENCES public.api_menu_dishcategory(id) DEFERRABLE INITIALLY DEFERRED;


--
-- Name: api_menu_dish api_menu_dish_restaurant_id_34cf551d_fk_api_resta; Type: FK CONSTRAINT; Schema: public; Owner: fary
--

ALTER TABLE ONLY public.api_menu_dish
    ADD CONSTRAINT api_menu_dish_restaurant_id_34cf551d_fk_api_resta FOREIGN KEY (restaurant_id) REFERENCES public.api_restaurant_restaurant(id) DEFERRABLE INITIALLY DEFERRED;


--
-- Name: api_menu_recipe api_menu_recipe_dish_id_8c9619f2_fk_api_menu_dish_id; Type: FK CONSTRAINT; Schema: public; Owner: fary
--

ALTER TABLE ONLY public.api_menu_recipe
    ADD CONSTRAINT api_menu_recipe_dish_id_8c9619f2_fk_api_menu_dish_id FOREIGN KEY (dish_id) REFERENCES public.api_menu_dish(id) DEFERRABLE INITIALLY DEFERRED;


--
-- Name: api_menu_recipe api_menu_recipe_stock_item_id_8005693b_fk_api_stock; Type: FK CONSTRAINT; Schema: public; Owner: fary
--

ALTER TABLE ONLY public.api_menu_recipe
    ADD CONSTRAINT api_menu_recipe_stock_item_id_8005693b_fk_api_stock FOREIGN KEY (stock_item_id) REFERENCES public.api_stock_stockitem(id) DEFERRABLE INITIALLY DEFERRED;


--
-- Name: api_order_order api_order_order_session_id_ff32e662_fk_api_resta; Type: FK CONSTRAINT; Schema: public; Owner: fary
--

ALTER TABLE ONLY public.api_order_order
    ADD CONSTRAINT api_order_order_session_id_ff32e662_fk_api_resta FOREIGN KEY (session_id) REFERENCES public.api_restaurant_tablesession(id) DEFERRABLE INITIALLY DEFERRED;


--
-- Name: api_order_orderdetail api_order_orderdetail_dish_id_7a7c2d54_fk_api_menu_dish_id; Type: FK CONSTRAINT; Schema: public; Owner: fary
--

ALTER TABLE ONLY public.api_order_orderdetail
    ADD CONSTRAINT api_order_orderdetail_dish_id_7a7c2d54_fk_api_menu_dish_id FOREIGN KEY (dish_id) REFERENCES public.api_menu_dish(id) DEFERRABLE INITIALLY DEFERRED;


--
-- Name: api_order_orderdetail api_order_orderdetail_order_id_5e3dffd2_fk_api_order_order_id; Type: FK CONSTRAINT; Schema: public; Owner: fary
--

ALTER TABLE ONLY public.api_order_orderdetail
    ADD CONSTRAINT api_order_orderdetail_order_id_5e3dffd2_fk_api_order_order_id FOREIGN KEY (order_id) REFERENCES public.api_order_order(id) DEFERRABLE INITIALLY DEFERRED;


--
-- Name: api_restaurant_tablesession api_restaurant_table_employee_id_b2bdf776_fk_api_users; Type: FK CONSTRAINT; Schema: public; Owner: fary
--

ALTER TABLE ONLY public.api_restaurant_tablesession
    ADD CONSTRAINT api_restaurant_table_employee_id_b2bdf776_fk_api_users FOREIGN KEY (employee_id) REFERENCES public.api_users_employee(id) DEFERRABLE INITIALLY DEFERRED;


--
-- Name: api_restaurant_table api_restaurant_table_restaurant_id_00604c99_fk_api_resta; Type: FK CONSTRAINT; Schema: public; Owner: fary
--

ALTER TABLE ONLY public.api_restaurant_table
    ADD CONSTRAINT api_restaurant_table_restaurant_id_00604c99_fk_api_resta FOREIGN KEY (restaurant_id) REFERENCES public.api_restaurant_restaurant(id) DEFERRABLE INITIALLY DEFERRED;


--
-- Name: api_restaurant_tablesession api_restaurant_table_table_id_bed579a7_fk_api_resta; Type: FK CONSTRAINT; Schema: public; Owner: fary
--

ALTER TABLE ONLY public.api_restaurant_tablesession
    ADD CONSTRAINT api_restaurant_table_table_id_bed579a7_fk_api_resta FOREIGN KEY (table_id) REFERENCES public.api_restaurant_table(id) DEFERRABLE INITIALLY DEFERRED;


--
-- Name: api_stock_stockitem api_stock_stockitem_restaurant_id_c7f959c7_fk_api_resta; Type: FK CONSTRAINT; Schema: public; Owner: fary
--

ALTER TABLE ONLY public.api_stock_stockitem
    ADD CONSTRAINT api_stock_stockitem_restaurant_id_c7f959c7_fk_api_resta FOREIGN KEY (restaurant_id) REFERENCES public.api_restaurant_restaurant(id) DEFERRABLE INITIALLY DEFERRED;


--
-- Name: api_stock_stockmovement api_stock_stockmovem_created_by_id_dec176fe_fk_api_users; Type: FK CONSTRAINT; Schema: public; Owner: fary
--

ALTER TABLE ONLY public.api_stock_stockmovement
    ADD CONSTRAINT api_stock_stockmovem_created_by_id_dec176fe_fk_api_users FOREIGN KEY (created_by_id) REFERENCES public.api_users_user(id) DEFERRABLE INITIALLY DEFERRED;


--
-- Name: api_stock_stockmovement api_stock_stockmovem_item_id_d362323f_fk_api_stock; Type: FK CONSTRAINT; Schema: public; Owner: fary
--

ALTER TABLE ONLY public.api_stock_stockmovement
    ADD CONSTRAINT api_stock_stockmovem_item_id_d362323f_fk_api_stock FOREIGN KEY (item_id) REFERENCES public.api_stock_stockitem(id) DEFERRABLE INITIALLY DEFERRED;


--
-- Name: api_users_customer api_users_customer_restaurant_id_a8eb7d94_fk_api_resta; Type: FK CONSTRAINT; Schema: public; Owner: fary
--

ALTER TABLE ONLY public.api_users_customer
    ADD CONSTRAINT api_users_customer_restaurant_id_a8eb7d94_fk_api_resta FOREIGN KEY (restaurant_id) REFERENCES public.api_restaurant_restaurant(id) DEFERRABLE INITIALLY DEFERRED;


--
-- Name: api_users_employee api_users_employee_restaurant_id_2d86ec18_fk_api_resta; Type: FK CONSTRAINT; Schema: public; Owner: fary
--

ALTER TABLE ONLY public.api_users_employee
    ADD CONSTRAINT api_users_employee_restaurant_id_2d86ec18_fk_api_resta FOREIGN KEY (restaurant_id) REFERENCES public.api_restaurant_restaurant(id) DEFERRABLE INITIALLY DEFERRED;


--
-- Name: api_users_employee api_users_employee_user_id_e2cbd6ff_fk_api_users_user_id; Type: FK CONSTRAINT; Schema: public; Owner: fary
--

ALTER TABLE ONLY public.api_users_employee
    ADD CONSTRAINT api_users_employee_user_id_e2cbd6ff_fk_api_users_user_id FOREIGN KEY (user_id) REFERENCES public.api_users_user(id) DEFERRABLE INITIALLY DEFERRED;


--
-- Name: api_users_user_groups api_users_user_groups_group_id_76d914de_fk_auth_group_id; Type: FK CONSTRAINT; Schema: public; Owner: fary
--

ALTER TABLE ONLY public.api_users_user_groups
    ADD CONSTRAINT api_users_user_groups_group_id_76d914de_fk_auth_group_id FOREIGN KEY (group_id) REFERENCES public.auth_group(id) DEFERRABLE INITIALLY DEFERRED;


--
-- Name: api_users_user_groups api_users_user_groups_user_id_14dd9469_fk_api_users_user_id; Type: FK CONSTRAINT; Schema: public; Owner: fary
--

ALTER TABLE ONLY public.api_users_user_groups
    ADD CONSTRAINT api_users_user_groups_user_id_14dd9469_fk_api_users_user_id FOREIGN KEY (user_id) REFERENCES public.api_users_user(id) DEFERRABLE INITIALLY DEFERRED;


--
-- Name: api_users_user_user_permissions api_users_user_user__permission_id_a85f925e_fk_auth_perm; Type: FK CONSTRAINT; Schema: public; Owner: fary
--

ALTER TABLE ONLY public.api_users_user_user_permissions
    ADD CONSTRAINT api_users_user_user__permission_id_a85f925e_fk_auth_perm FOREIGN KEY (permission_id) REFERENCES public.auth_permission(id) DEFERRABLE INITIALLY DEFERRED;


--
-- Name: api_users_user_user_permissions api_users_user_user__user_id_cd0e47ad_fk_api_users; Type: FK CONSTRAINT; Schema: public; Owner: fary
--

ALTER TABLE ONLY public.api_users_user_user_permissions
    ADD CONSTRAINT api_users_user_user__user_id_cd0e47ad_fk_api_users FOREIGN KEY (user_id) REFERENCES public.api_users_user(id) DEFERRABLE INITIALLY DEFERRED;


--
-- Name: auth_group_permissions auth_group_permissio_permission_id_84c5c92e_fk_auth_perm; Type: FK CONSTRAINT; Schema: public; Owner: fary
--

ALTER TABLE ONLY public.auth_group_permissions
    ADD CONSTRAINT auth_group_permissio_permission_id_84c5c92e_fk_auth_perm FOREIGN KEY (permission_id) REFERENCES public.auth_permission(id) DEFERRABLE INITIALLY DEFERRED;


--
-- Name: auth_group_permissions auth_group_permissions_group_id_b120cbf9_fk_auth_group_id; Type: FK CONSTRAINT; Schema: public; Owner: fary
--

ALTER TABLE ONLY public.auth_group_permissions
    ADD CONSTRAINT auth_group_permissions_group_id_b120cbf9_fk_auth_group_id FOREIGN KEY (group_id) REFERENCES public.auth_group(id) DEFERRABLE INITIALLY DEFERRED;


--
-- Name: auth_permission auth_permission_content_type_id_2f476e4b_fk_django_co; Type: FK CONSTRAINT; Schema: public; Owner: fary
--

ALTER TABLE ONLY public.auth_permission
    ADD CONSTRAINT auth_permission_content_type_id_2f476e4b_fk_django_co FOREIGN KEY (content_type_id) REFERENCES public.django_content_type(id) DEFERRABLE INITIALLY DEFERRED;


--
-- Name: django_admin_log django_admin_log_content_type_id_c4bce8eb_fk_django_co; Type: FK CONSTRAINT; Schema: public; Owner: fary
--

ALTER TABLE ONLY public.django_admin_log
    ADD CONSTRAINT django_admin_log_content_type_id_c4bce8eb_fk_django_co FOREIGN KEY (content_type_id) REFERENCES public.django_content_type(id) DEFERRABLE INITIALLY DEFERRED;


--
-- Name: django_admin_log django_admin_log_user_id_c564eba6_fk_api_users_user_id; Type: FK CONSTRAINT; Schema: public; Owner: fary
--

ALTER TABLE ONLY public.django_admin_log
    ADD CONSTRAINT django_admin_log_user_id_c564eba6_fk_api_users_user_id FOREIGN KEY (user_id) REFERENCES public.api_users_user(id) DEFERRABLE INITIALLY DEFERRED;


--
-- PostgreSQL database dump complete
--

\unrestrict tgCxfYcnf6FLFNWcr0W5EQfIecCqbDda6nT2IZ2GfFBvJchSMsvuUNvBjw4LcNq

